eplet,locus_group,locus,allele
9T,ABC,A,A*31:01:02:01
9T,ABC,A,A*31:01:02:02
9T,ABC,A,A*31:01:02:04
9T,ABC,A,A*31:01:02:05
9T,ABC,A,A*31:01:02:06
9T,ABC,A,A*31:01:02:07
9T,ABC,A,A*31:01:02:08
9T,ABC,A,A*31:01:02:09
9T,ABC,A,A*31:01:02:10
9T,ABC,A,A*31:01:02:11
9T,ABC,A,A*31:01:02:12
9T,ABC,A,A*31:01:02:13
9T,ABC,A,A*31:01:02:14
9T,ABC,A,A*31:01:02:15
9T,ABC,A,A*31:01:02:16
9T,ABC,A,A*31:01:02:17
9T,ABC,A,A*31:01:02:18
9T,ABC,A,A*31:01:02:19
9T,ABC,A,A*31:01:02:20
9T,ABC,A,A*31:01:02:21
9T,ABC,A,A*31:01:02:22
9T,ABC,A,A*31:01:02:23
9T,ABC,A,A*31:01:02:24
9T,ABC,A,A*31:01:02:25
9T,ABC,A,A*31:01:02:26
9T,ABC,A,A*31:01:02:27
9T,ABC,A,A*31:01:02:28
9T,ABC,A,A*31:01:02:29
9T,ABC,A,A*31:01:02:30Q
9T,ABC,A,A*31:01:02:31
9T,ABC,A,A*31:01:02:32
9T,ABC,A,A*31:01:02:33
9T,ABC,A,A*31:01:02:34
9T,ABC,A,A*31:01:02:35
9T,ABC,A,A*31:01:02:36
9T,ABC,A,A*31:01:02:37
9T,ABC,A,A*31:01:02:38
9T,ABC,A,A*31:01:02:39
9T,ABC,A,A*31:01:02:40
9T,ABC,A,A*31:01:02:41
9T,ABC,A,A*31:01:03
9T,ABC,A,A*31:01:04
9T,ABC,A,A*31:01:05
9T,ABC,A,A*31:01:06
9T,ABC,A,A*31:01:07
9T,ABC,A,A*31:01:08
9T,ABC,A,A*31:01:09
9T,ABC,A,A*31:01:10
9T,ABC,A,A*31:01:11
9T,ABC,A,A*31:01:12
9T,ABC,A,A*31:01:13
9T,ABC,A,A*31:01:14
9T,ABC,A,A*31:01:15
9T,ABC,A,A*31:01:16
9T,ABC,A,A*31:01:17
9T,ABC,A,A*31:01:18
9T,ABC,A,A*31:01:19
9T,ABC,A,A*31:01:20
9T,ABC,A,A*31:01:21
9T,ABC,A,A*31:01:22
9T,ABC,A,A*31:01:23
9T,ABC,A,A*31:01:24
9T,ABC,A,A*31:01:25
9T,ABC,A,A*31:01:26
9T,ABC,A,A*31:01:27
9T,ABC,A,A*31:01:28
9T,ABC,A,A*31:01:29
9T,ABC,A,A*31:01:30
9T,ABC,A,A*31:01:31
9T,ABC,A,A*31:01:32
9T,ABC,A,A*31:01:33
9T,ABC,A,A*31:01:34
9T,ABC,A,A*31:01:35
9T,ABC,A,A*31:01:36
9T,ABC,A,A*31:01:37
9T,ABC,A,A*31:01:38
9T,ABC,A,A*31:01:39
9T,ABC,A,A*31:01:40
9T,ABC,A,A*31:01:41
9T,ABC,A,A*31:01:42
9T,ABC,A,A*31:01:43
9T,ABC,A,A*31:01:44
9T,ABC,A,A*31:01:45
9T,ABC,A,A*31:01:46
9T,ABC,A,A*31:01:47
44RM,ABC,A,A*31:01:02:01
44RM,ABC,A,A*31:01:02:02
44RM,ABC,A,A*31:01:02:04
44RM,ABC,A,A*31:01:02:05
44RM,ABC,A,A*31:01:02:06
44RM,ABC,A,A*31:01:02:07
44RM,ABC,A,A*31:01:02:08
44RM,ABC,A,A*31:01:02:09
44RM,ABC,A,A*31:01:02:10
44RM,ABC,A,A*31:01:02:11
44RM,ABC,A,A*31:01:02:12
44RM,ABC,A,A*31:01:02:13
44RM,ABC,A,A*31:01:02:14
44RM,ABC,A,A*31:01:02:15
44RM,ABC,A,A*31:01:02:16
44RM,ABC,A,A*31:01:02:17
44RM,ABC,A,A*31:01:02:18
44RM,ABC,A,A*31:01:02:19
44RM,ABC,A,A*31:01:02:20
44RM,ABC,A,A*31:01:02:21
44RM,ABC,A,A*31:01:02:22
44RM,ABC,A,A*31:01:02:23
44RM,ABC,A,A*31:01:02:24
44RM,ABC,A,A*31:01:02:25
44RM,ABC,A,A*31:01:02:26
44RM,ABC,A,A*31:01:02:27
44RM,ABC,A,A*31:01:02:28
44RM,ABC,A,A*31:01:02:29
44RM,ABC,A,A*31:01:02:30Q
44RM,ABC,A,A*31:01:02:31
44RM,ABC,A,A*31:01:02:32
44RM,ABC,A,A*31:01:02:33
44RM,ABC,A,A*31:01:02:34
44RM,ABC,A,A*31:01:02:35
44RM,ABC,A,A*31:01:02:36
44RM,ABC,A,A*31:01:02:37
44RM,ABC,A,A*31:01:02:38
44RM,ABC,A,A*31:01:02:39
44RM,ABC,A,A*31:01:02:40
44RM,ABC,A,A*31:01:02:41
44RM,ABC,A,A*31:01:03
44RM,ABC,A,A*31:01:04
44RM,ABC,A,A*31:01:05
44RM,ABC,A,A*31:01:06
44RM,ABC,A,A*31:01:07
44RM,ABC,A,A*31:01:08
44RM,ABC,A,A*31:01:09
44RM,ABC,A,A*31:01:10
44RM,ABC,A,A*31:01:11
44RM,ABC,A,A*31:01:12
44RM,ABC,A,A*31:01:13
44RM,ABC,A,A*31:01:14
44RM,ABC,A,A*31:01:15
44RM,ABC,A,A*31:01:16
44RM,ABC,A,A*31:01:17
44RM,ABC,A,A*31:01:18
44RM,ABC,A,A*31:01:19
44RM,ABC,A,A*31:01:20
44RM,ABC,A,A*31:01:21
44RM,ABC,A,A*31:01:22
44RM,ABC,A,A*31:01:23
44RM,ABC,A,A*31:01:24
44RM,ABC,A,A*31:01:25
44RM,ABC,A,A*31:01:26
44RM,ABC,A,A*31:01:27
44RM,ABC,A,A*31:01:28
44RM,ABC,A,A*31:01:29
44RM,ABC,A,A*31:01:30
44RM,ABC,A,A*31:01:31
44RM,ABC,A,A*31:01:32
44RM,ABC,A,A*31:01:33
44RM,ABC,A,A*31:01:34
44RM,ABC,A,A*31:01:35
44RM,ABC,A,A*31:01:36
44RM,ABC,A,A*31:01:37
44RM,ABC,A,A*31:01:38
44RM,ABC,A,A*31:01:39
44RM,ABC,A,A*31:01:40
44RM,ABC,A,A*31:01:41
44RM,ABC,A,A*31:01:42
44RM,ABC,A,A*31:01:43
44RM,ABC,A,A*31:01:44
44RM,ABC,A,A*31:01:45
44RM,ABC,A,A*31:01:46
44RM,ABC,A,A*31:01:47
44RME,ABC,A,A*31:01:02:01
44RME,ABC,A,A*31:01:02:02
44RME,ABC,A,A*31:01:02:04
44RME,ABC,A,A*31:01:02:05
44RME,ABC,A,A*31:01:02:06
44RME,ABC,A,A*31:01:02:07
44RME,ABC,A,A*31:01:02:08
44RME,ABC,A,A*31:01:02:09
44RME,ABC,A,A*31:01:02:10
44RME,ABC,A,A*31:01:02:11
44RME,ABC,A,A*31:01:02:12
44RME,ABC,A,A*31:01:02:13
44RME,ABC,A,A*31:01:02:14
44RME,ABC,A,A*31:01:02:15
44RME,ABC,A,A*31:01:02:16
44RME,ABC,A,A*31:01:02:17
44RME,ABC,A,A*31:01:02:18
44RME,ABC,A,A*31:01:02:19
44RME,ABC,A,A*31:01:02:20
44RME,ABC,A,A*31:01:02:21
44RME,ABC,A,A*31:01:02:22
44RME,ABC,A,A*31:01:02:23
44RME,ABC,A,A*31:01:02:24
44RME,ABC,A,A*31:01:02:25
44RME,ABC,A,A*31:01:02:26
44RME,ABC,A,A*31:01:02:27
44RME,ABC,A,A*31:01:02:28
44RME,ABC,A,A*31:01:02:29
44RME,ABC,A,A*31:01:02:30Q
44RME,ABC,A,A*31:01:02:31
44RME,ABC,A,A*31:01:02:32
44RME,ABC,A,A*31:01:02:33
44RME,ABC,A,A*31:01:02:34
44RME,ABC,A,A*31:01:02:35
44RME,ABC,A,A*31:01:02:36
44RME,ABC,A,A*31:01:02:37
44RME,ABC,A,A*31:01:02:38
44RME,ABC,A,A*31:01:02:39
44RME,ABC,A,A*31:01:02:40
44RME,ABC,A,A*31:01:02:41
44RME,ABC,A,A*31:01:03
44RME,ABC,A,A*31:01:04
44RME,ABC,A,A*31:01:05
44RME,ABC,A,A*31:01:06
44RME,ABC,A,A*31:01:07
44RME,ABC,A,A*31:01:08
44RME,ABC,A,A*31:01:09
44RME,ABC,A,A*31:01:10
44RME,ABC,A,A*31:01:11
44RME,ABC,A,A*31:01:12
44RME,ABC,A,A*31:01:13
44RME,ABC,A,A*31:01:14
44RME,ABC,A,A*31:01:15
44RME,ABC,A,A*31:01:16
44RME,ABC,A,A*31:01:17
44RME,ABC,A,A*31:01:18
44RME,ABC,A,A*31:01:19
44RME,ABC,A,A*31:01:20
44RME,ABC,A,A*31:01:21
44RME,ABC,A,A*31:01:22
44RME,ABC,A,A*31:01:23
44RME,ABC,A,A*31:01:24
44RME,ABC,A,A*31:01:25
44RME,ABC,A,A*31:01:26
44RME,ABC,A,A*31:01:27
44RME,ABC,A,A*31:01:28
44RME,ABC,A,A*31:01:29
44RME,ABC,A,A*31:01:30
44RME,ABC,A,A*31:01:31
44RME,ABC,A,A*31:01:32
44RME,ABC,A,A*31:01:33
44RME,ABC,A,A*31:01:34
44RME,ABC,A,A*31:01:35
44RME,ABC,A,A*31:01:36
44RME,ABC,A,A*31:01:37
44RME,ABC,A,A*31:01:38
44RME,ABC,A,A*31:01:39
44RME,ABC,A,A*31:01:40
44RME,ABC,A,A*31:01:41
44RME,ABC,A,A*31:01:42
44RME,ABC,A,A*31:01:43
44RME,ABC,A,A*31:01:44
44RME,ABC,A,A*31:01:45
44RME,ABC,A,A*31:01:46
44RME,ABC,A,A*31:01:47
56R,ABC,A,A*31:01:02:01
56R,ABC,A,A*31:01:02:02
56R,ABC,A,A*31:01:02:04
56R,ABC,A,A*31:01:02:05
56R,ABC,A,A*31:01:02:06
56R,ABC,A,A*31:01:02:07
56R,ABC,A,A*31:01:02:08
56R,ABC,A,A*31:01:02:09
56R,ABC,A,A*31:01:02:10
56R,ABC,A,A*31:01:02:11
56R,ABC,A,A*31:01:02:12
56R,ABC,A,A*31:01:02:13
56R,ABC,A,A*31:01:02:14
56R,ABC,A,A*31:01:02:15
56R,ABC,A,A*31:01:02:16
56R,ABC,A,A*31:01:02:17
56R,ABC,A,A*31:01:02:18
56R,ABC,A,A*31:01:02:19
56R,ABC,A,A*31:01:02:20
56R,ABC,A,A*31:01:02:21
56R,ABC,A,A*31:01:02:22
56R,ABC,A,A*31:01:02:23
56R,ABC,A,A*31:01:02:24
56R,ABC,A,A*31:01:02:25
56R,ABC,A,A*31:01:02:26
56R,ABC,A,A*31:01:02:27
56R,ABC,A,A*31:01:02:28
56R,ABC,A,A*31:01:02:29
56R,ABC,A,A*31:01:02:30Q
56R,ABC,A,A*31:01:02:31
56R,ABC,A,A*31:01:02:32
56R,ABC,A,A*31:01:02:33
56R,ABC,A,A*31:01:02:34
56R,ABC,A,A*31:01:02:35
56R,ABC,A,A*31:01:02:36
56R,ABC,A,A*31:01:02:37
56R,ABC,A,A*31:01:02:38
56R,ABC,A,A*31:01:02:39
56R,ABC,A,A*31:01:02:40
56R,ABC,A,A*31:01:02:41
56R,ABC,A,A*31:01:03
56R,ABC,A,A*31:01:04
56R,ABC,A,A*31:01:05
56R,ABC,A,A*31:01:06
56R,ABC,A,A*31:01:07
56R,ABC,A,A*31:01:08
56R,ABC,A,A*31:01:09
56R,ABC,A,A*31:01:10
56R,ABC,A,A*31:01:11
56R,ABC,A,A*31:01:12
56R,ABC,A,A*31:01:13
56R,ABC,A,A*31:01:14
56R,ABC,A,A*31:01:15
56R,ABC,A,A*31:01:16
56R,ABC,A,A*31:01:17
56R,ABC,A,A*31:01:18
56R,ABC,A,A*31:01:19
56R,ABC,A,A*31:01:20
56R,ABC,A,A*31:01:21
56R,ABC,A,A*31:01:22
56R,ABC,A,A*31:01:23
56R,ABC,A,A*31:01:24
56R,ABC,A,A*31:01:25
56R,ABC,A,A*31:01:26
56R,ABC,A,A*31:01:27
56R,ABC,A,A*31:01:28
56R,ABC,A,A*31:01:29
56R,ABC,A,A*31:01:30
56R,ABC,A,A*31:01:31
56R,ABC,A,A*31:01:32
56R,ABC,A,A*31:01:33
56R,ABC,A,A*31:01:34
56R,ABC,A,A*31:01:35
56R,ABC,A,A*31:01:36
56R,ABC,A,A*31:01:37
56R,ABC,A,A*31:01:38
56R,ABC,A,A*31:01:39
56R,ABC,A,A*31:01:40
56R,ABC,A,A*31:01:41
56R,ABC,A,A*31:01:42
56R,ABC,A,A*31:01:43
56R,ABC,A,A*31:01:44
56R,ABC,A,A*31:01:45
56R,ABC,A,A*31:01:46
56R,ABC,A,A*31:01:47
62QE,ABC,A,A*31:01:02:01
62QE,ABC,A,A*31:01:02:02
62QE,ABC,A,A*31:01:02:04
62QE,ABC,A,A*31:01:02:05
62QE,ABC,A,A*31:01:02:06
62QE,ABC,A,A*31:01:02:07
62QE,ABC,A,A*31:01:02:08
62QE,ABC,A,A*31:01:02:09
62QE,ABC,A,A*31:01:02:10
62QE,ABC,A,A*31:01:02:11
62QE,ABC,A,A*31:01:02:12
62QE,ABC,A,A*31:01:02:13
62QE,ABC,A,A*31:01:02:14
62QE,ABC,A,A*31:01:02:15
62QE,ABC,A,A*31:01:02:16
62QE,ABC,A,A*31:01:02:17
62QE,ABC,A,A*31:01:02:18
62QE,ABC,A,A*31:01:02:19
62QE,ABC,A,A*31:01:02:20
62QE,ABC,A,A*31:01:02:21
62QE,ABC,A,A*31:01:02:22
62QE,ABC,A,A*31:01:02:23
62QE,ABC,A,A*31:01:02:24
62QE,ABC,A,A*31:01:02:25
62QE,ABC,A,A*31:01:02:26
62QE,ABC,A,A*31:01:02:27
62QE,ABC,A,A*31:01:02:28
62QE,ABC,A,A*31:01:02:29
62QE,ABC,A,A*31:01:02:30Q
62QE,ABC,A,A*31:01:02:31
62QE,ABC,A,A*31:01:02:32
62QE,ABC,A,A*31:01:02:33
62QE,ABC,A,A*31:01:02:34
62QE,ABC,A,A*31:01:02:35
62QE,ABC,A,A*31:01:02:36
62QE,ABC,A,A*31:01:02:37
62QE,ABC,A,A*31:01:02:38
62QE,ABC,A,A*31:01:02:39
62QE,ABC,A,A*31:01:02:40
62QE,ABC,A,A*31:01:02:41
62QE,ABC,A,A*31:01:03
62QE,ABC,A,A*31:01:04
62QE,ABC,A,A*31:01:05
62QE,ABC,A,A*31:01:06
62QE,ABC,A,A*31:01:07
62QE,ABC,A,A*31:01:08
62QE,ABC,A,A*31:01:09
62QE,ABC,A,A*31:01:10
62QE,ABC,A,A*31:01:11
62QE,ABC,A,A*31:01:12
62QE,ABC,A,A*31:01:13
62QE,ABC,A,A*31:01:14
62QE,ABC,A,A*31:01:15
62QE,ABC,A,A*31:01:16
62QE,ABC,A,A*31:01:17
62QE,ABC,A,A*31:01:18
62QE,ABC,A,A*31:01:19
62QE,ABC,A,A*31:01:20
62QE,ABC,A,A*31:01:21
62QE,ABC,A,A*31:01:22
62QE,ABC,A,A*31:01:23
62QE,ABC,A,A*31:01:24
62QE,ABC,A,A*31:01:25
62QE,ABC,A,A*31:01:26
62QE,ABC,A,A*31:01:27
62QE,ABC,A,A*31:01:28
62QE,ABC,A,A*31:01:29
62QE,ABC,A,A*31:01:30
62QE,ABC,A,A*31:01:31
62QE,ABC,A,A*31:01:32
62QE,ABC,A,A*31:01:33
62QE,ABC,A,A*31:01:34
62QE,ABC,A,A*31:01:35
62QE,ABC,A,A*31:01:36
62QE,ABC,A,A*31:01:37
62QE,ABC,A,A*31:01:38
62QE,ABC,A,A*31:01:39
62QE,ABC,A,A*31:01:40
62QE,ABC,A,A*31:01:41
62QE,ABC,A,A*31:01:42
62QE,ABC,A,A*31:01:43
62QE,ABC,A,A*31:01:44
62QE,ABC,A,A*31:01:45
62QE,ABC,A,A*31:01:46
62QE,ABC,A,A*31:01:47
65RA,ABC,A,A*31:01:02:01
65RA,ABC,A,A*31:01:02:02
65RA,ABC,A,A*31:01:02:04
65RA,ABC,A,A*31:01:02:05
65RA,ABC,A,A*31:01:02:06
65RA,ABC,A,A*31:01:02:07
65RA,ABC,A,A*31:01:02:08
65RA,ABC,A,A*31:01:02:09
65RA,ABC,A,A*31:01:02:10
65RA,ABC,A,A*31:01:02:11
65RA,ABC,A,A*31:01:02:12
65RA,ABC,A,A*31:01:02:13
65RA,ABC,A,A*31:01:02:14
65RA,ABC,A,A*31:01:02:15
65RA,ABC,A,A*31:01:02:16
65RA,ABC,A,A*31:01:02:17
65RA,ABC,A,A*31:01:02:18
65RA,ABC,A,A*31:01:02:19
65RA,ABC,A,A*31:01:02:20
65RA,ABC,A,A*31:01:02:21
65RA,ABC,A,A*31:01:02:22
65RA,ABC,A,A*31:01:02:23
65RA,ABC,A,A*31:01:02:24
65RA,ABC,A,A*31:01:02:25
65RA,ABC,A,A*31:01:02:26
65RA,ABC,A,A*31:01:02:27
65RA,ABC,A,A*31:01:02:28
65RA,ABC,A,A*31:01:02:29
65RA,ABC,A,A*31:01:02:30Q
65RA,ABC,A,A*31:01:02:31
65RA,ABC,A,A*31:01:02:32
65RA,ABC,A,A*31:01:02:33
65RA,ABC,A,A*31:01:02:34
65RA,ABC,A,A*31:01:02:35
65RA,ABC,A,A*31:01:02:36
65RA,ABC,A,A*31:01:02:37
65RA,ABC,A,A*31:01:02:38
65RA,ABC,A,A*31:01:02:39
65RA,ABC,A,A*31:01:02:40
65RA,ABC,A,A*31:01:02:41
65RA,ABC,A,A*31:01:03
65RA,ABC,A,A*31:01:04
65RA,ABC,A,A*31:01:05
65RA,ABC,A,A*31:01:06
65RA,ABC,A,A*31:01:07
65RA,ABC,A,A*31:01:08
65RA,ABC,A,A*31:01:09
65RA,ABC,A,A*31:01:10
65RA,ABC,A,A*31:01:11
65RA,ABC,A,A*31:01:12
65RA,ABC,A,A*31:01:13
65RA,ABC,A,A*31:01:14
65RA,ABC,A,A*31:01:15
65RA,ABC,A,A*31:01:16
65RA,ABC,A,A*31:01:17
65RA,ABC,A,A*31:01:18
65RA,ABC,A,A*31:01:19
65RA,ABC,A,A*31:01:20
65RA,ABC,A,A*31:01:21
65RA,ABC,A,A*31:01:22
65RA,ABC,A,A*31:01:23
65RA,ABC,A,A*31:01:24
65RA,ABC,A,A*31:01:25
65RA,ABC,A,A*31:01:26
65RA,ABC,A,A*31:01:27
65RA,ABC,A,A*31:01:28
65RA,ABC,A,A*31:01:29
65RA,ABC,A,A*31:01:30
65RA,ABC,A,A*31:01:31
65RA,ABC,A,A*31:01:32
65RA,ABC,A,A*31:01:33
65RA,ABC,A,A*31:01:34
65RA,ABC,A,A*31:01:35
65RA,ABC,A,A*31:01:36
65RA,ABC,A,A*31:01:37
65RA,ABC,A,A*31:01:38
65RA,ABC,A,A*31:01:39
65RA,ABC,A,A*31:01:40
65RA,ABC,A,A*31:01:41
65RA,ABC,A,A*31:01:42
65RA,ABC,A,A*31:01:43
65RA,ABC,A,A*31:01:44
65RA,ABC,A,A*31:01:45
65RA,ABC,A,A*31:01:46
65RA,ABC,A,A*31:01:47
65RNA,ABC,A,A*31:01:02:01
65RNA,ABC,A,A*31:01:02:02
65RNA,ABC,A,A*31:01:02:04
65RNA,ABC,A,A*31:01:02:05
65RNA,ABC,A,A*31:01:02:06
65RNA,ABC,A,A*31:01:02:07
65RNA,ABC,A,A*31:01:02:08
65RNA,ABC,A,A*31:01:02:09
65RNA,ABC,A,A*31:01:02:10
65RNA,ABC,A,A*31:01:02:11
65RNA,ABC,A,A*31:01:02:12
65RNA,ABC,A,A*31:01:02:13
65RNA,ABC,A,A*31:01:02:14
65RNA,ABC,A,A*31:01:02:15
65RNA,ABC,A,A*31:01:02:16
65RNA,ABC,A,A*31:01:02:17
65RNA,ABC,A,A*31:01:02:18
65RNA,ABC,A,A*31:01:02:19
65RNA,ABC,A,A*31:01:02:20
65RNA,ABC,A,A*31:01:02:21
65RNA,ABC,A,A*31:01:02:22
65RNA,ABC,A,A*31:01:02:23
65RNA,ABC,A,A*31:01:02:24
65RNA,ABC,A,A*31:01:02:25
65RNA,ABC,A,A*31:01:02:26
65RNA,ABC,A,A*31:01:02:27
65RNA,ABC,A,A*31:01:02:28
65RNA,ABC,A,A*31:01:02:29
65RNA,ABC,A,A*31:01:02:30Q
65RNA,ABC,A,A*31:01:02:31
65RNA,ABC,A,A*31:01:02:32
65RNA,ABC,A,A*31:01:02:33
65RNA,ABC,A,A*31:01:02:34
65RNA,ABC,A,A*31:01:02:35
65RNA,ABC,A,A*31:01:02:36
65RNA,ABC,A,A*31:01:02:37
65RNA,ABC,A,A*31:01:02:38
65RNA,ABC,A,A*31:01:02:39
65RNA,ABC,A,A*31:01:02:40
65RNA,ABC,A,A*31:01:02:41
65RNA,ABC,A,A*31:01:03
65RNA,ABC,A,A*31:01:04
65RNA,ABC,A,A*31:01:05
65RNA,ABC,A,A*31:01:06
65RNA,ABC,A,A*31:01:07
65RNA,ABC,A,A*31:01:08
65RNA,ABC,A,A*31:01:09
65RNA,ABC,A,A*31:01:10
65RNA,ABC,A,A*31:01:11
65RNA,ABC,A,A*31:01:12
65RNA,ABC,A,A*31:01:13
65RNA,ABC,A,A*31:01:14
65RNA,ABC,A,A*31:01:15
65RNA,ABC,A,A*31:01:16
65RNA,ABC,A,A*31:01:17
65RNA,ABC,A,A*31:01:18
65RNA,ABC,A,A*31:01:19
65RNA,ABC,A,A*31:01:20
65RNA,ABC,A,A*31:01:21
65RNA,ABC,A,A*31:01:22
65RNA,ABC,A,A*31:01:23
65RNA,ABC,A,A*31:01:24
65RNA,ABC,A,A*31:01:25
65RNA,ABC,A,A*31:01:26
65RNA,ABC,A,A*31:01:27
65RNA,ABC,A,A*31:01:28
65RNA,ABC,A,A*31:01:29
65RNA,ABC,A,A*31:01:30
65RNA,ABC,A,A*31:01:31
65RNA,ABC,A,A*31:01:32
65RNA,ABC,A,A*31:01:33
65RNA,ABC,A,A*31:01:34
65RNA,ABC,A,A*31:01:35
65RNA,ABC,A,A*31:01:36
65RNA,ABC,A,A*31:01:37
65RNA,ABC,A,A*31:01:38
65RNA,ABC,A,A*31:01:39
65RNA,ABC,A,A*31:01:40
65RNA,ABC,A,A*31:01:41
65RNA,ABC,A,A*31:01:42
65RNA,ABC,A,A*31:01:43
65RNA,ABC,A,A*31:01:44
65RNA,ABC,A,A*31:01:45
65RNA,ABC,A,A*31:01:46
65RNA,ABC,A,A*31:01:47
66N,ABC,A,A*31:01:02:01
66N,ABC,A,A*31:01:02:02
66N,ABC,A,A*31:01:02:04
66N,ABC,A,A*31:01:02:05
66N,ABC,A,A*31:01:02:06
66N,ABC,A,A*31:01:02:07
66N,ABC,A,A*31:01:02:08
66N,ABC,A,A*31:01:02:09
66N,ABC,A,A*31:01:02:10
66N,ABC,A,A*31:01:02:11
66N,ABC,A,A*31:01:02:12
66N,ABC,A,A*31:01:02:13
66N,ABC,A,A*31:01:02:14
66N,ABC,A,A*31:01:02:15
66N,ABC,A,A*31:01:02:16
66N,ABC,A,A*31:01:02:17
66N,ABC,A,A*31:01:02:18
66N,ABC,A,A*31:01:02:19
66N,ABC,A,A*31:01:02:20
66N,ABC,A,A*31:01:02:21
66N,ABC,A,A*31:01:02:22
66N,ABC,A,A*31:01:02:23
66N,ABC,A,A*31:01:02:24
66N,ABC,A,A*31:01:02:25
66N,ABC,A,A*31:01:02:26
66N,ABC,A,A*31:01:02:27
66N,ABC,A,A*31:01:02:28
66N,ABC,A,A*31:01:02:29
66N,ABC,A,A*31:01:02:30Q
66N,ABC,A,A*31:01:02:31
66N,ABC,A,A*31:01:02:32
66N,ABC,A,A*31:01:02:33
66N,ABC,A,A*31:01:02:34
66N,ABC,A,A*31:01:02:35
66N,ABC,A,A*31:01:02:36
66N,ABC,A,A*31:01:02:37
66N,ABC,A,A*31:01:02:38
66N,ABC,A,A*31:01:02:39
66N,ABC,A,A*31:01:02:40
66N,ABC,A,A*31:01:02:41
66N,ABC,A,A*31:01:03
66N,ABC,A,A*31:01:04
66N,ABC,A,A*31:01:05
66N,ABC,A,A*31:01:06
66N,ABC,A,A*31:01:07
66N,ABC,A,A*31:01:08
66N,ABC,A,A*31:01:09
66N,ABC,A,A*31:01:10
66N,ABC,A,A*31:01:11
66N,ABC,A,A*31:01:12
66N,ABC,A,A*31:01:13
66N,ABC,A,A*31:01:14
66N,ABC,A,A*31:01:15
66N,ABC,A,A*31:01:16
66N,ABC,A,A*31:01:17
66N,ABC,A,A*31:01:18
66N,ABC,A,A*31:01:19
66N,ABC,A,A*31:01:20
66N,ABC,A,A*31:01:21
66N,ABC,A,A*31:01:22
66N,ABC,A,A*31:01:23
66N,ABC,A,A*31:01:24
66N,ABC,A,A*31:01:25
66N,ABC,A,A*31:01:26
66N,ABC,A,A*31:01:27
66N,ABC,A,A*31:01:28
66N,ABC,A,A*31:01:29
66N,ABC,A,A*31:01:30
66N,ABC,A,A*31:01:31
66N,ABC,A,A*31:01:32
66N,ABC,A,A*31:01:33
66N,ABC,A,A*31:01:34
66N,ABC,A,A*31:01:35
66N,ABC,A,A*31:01:36
66N,ABC,A,A*31:01:37
66N,ABC,A,A*31:01:38
66N,ABC,A,A*31:01:39
66N,ABC,A,A*31:01:40
66N,ABC,A,A*31:01:41
66N,ABC,A,A*31:01:42
66N,ABC,A,A*31:01:43
66N,ABC,A,A*31:01:44
66N,ABC,A,A*31:01:45
66N,ABC,A,A*31:01:46
66N,ABC,A,A*31:01:47
66NH,ABC,A,A*31:01:02:01
66NH,ABC,A,A*31:01:02:02
66NH,ABC,A,A*31:01:02:04
66NH,ABC,A,A*31:01:02:05
66NH,ABC,A,A*31:01:02:06
66NH,ABC,A,A*31:01:02:07
66NH,ABC,A,A*31:01:02:08
66NH,ABC,A,A*31:01:02:09
66NH,ABC,A,A*31:01:02:10
66NH,ABC,A,A*31:01:02:11
66NH,ABC,A,A*31:01:02:12
66NH,ABC,A,A*31:01:02:13
66NH,ABC,A,A*31:01:02:14
66NH,ABC,A,A*31:01:02:15
66NH,ABC,A,A*31:01:02:16
66NH,ABC,A,A*31:01:02:17
66NH,ABC,A,A*31:01:02:18
66NH,ABC,A,A*31:01:02:19
66NH,ABC,A,A*31:01:02:20
66NH,ABC,A,A*31:01:02:21
66NH,ABC,A,A*31:01:02:22
66NH,ABC,A,A*31:01:02:23
66NH,ABC,A,A*31:01:02:24
66NH,ABC,A,A*31:01:02:25
66NH,ABC,A,A*31:01:02:26
66NH,ABC,A,A*31:01:02:27
66NH,ABC,A,A*31:01:02:28
66NH,ABC,A,A*31:01:02:29
66NH,ABC,A,A*31:01:02:30Q
66NH,ABC,A,A*31:01:02:31
66NH,ABC,A,A*31:01:02:32
66NH,ABC,A,A*31:01:02:33
66NH,ABC,A,A*31:01:02:34
66NH,ABC,A,A*31:01:02:35
66NH,ABC,A,A*31:01:02:36
66NH,ABC,A,A*31:01:02:37
66NH,ABC,A,A*31:01:02:38
66NH,ABC,A,A*31:01:02:39
66NH,ABC,A,A*31:01:02:40
66NH,ABC,A,A*31:01:02:41
66NH,ABC,A,A*31:01:03
66NH,ABC,A,A*31:01:04
66NH,ABC,A,A*31:01:05
66NH,ABC,A,A*31:01:06
66NH,ABC,A,A*31:01:07
66NH,ABC,A,A*31:01:08
66NH,ABC,A,A*31:01:09
66NH,ABC,A,A*31:01:10
66NH,ABC,A,A*31:01:11
66NH,ABC,A,A*31:01:12
66NH,ABC,A,A*31:01:13
66NH,ABC,A,A*31:01:14
66NH,ABC,A,A*31:01:15
66NH,ABC,A,A*31:01:16
66NH,ABC,A,A*31:01:17
66NH,ABC,A,A*31:01:18
66NH,ABC,A,A*31:01:19
66NH,ABC,A,A*31:01:20
66NH,ABC,A,A*31:01:21
66NH,ABC,A,A*31:01:22
66NH,ABC,A,A*31:01:23
66NH,ABC,A,A*31:01:24
66NH,ABC,A,A*31:01:25
66NH,ABC,A,A*31:01:26
66NH,ABC,A,A*31:01:27
66NH,ABC,A,A*31:01:28
66NH,ABC,A,A*31:01:29
66NH,ABC,A,A*31:01:30
66NH,ABC,A,A*31:01:31
66NH,ABC,A,A*31:01:32
66NH,ABC,A,A*31:01:33
66NH,ABC,A,A*31:01:34
66NH,ABC,A,A*31:01:35
66NH,ABC,A,A*31:01:36
66NH,ABC,A,A*31:01:37
66NH,ABC,A,A*31:01:38
66NH,ABC,A,A*31:01:39
66NH,ABC,A,A*31:01:40
66NH,ABC,A,A*31:01:41
66NH,ABC,A,A*31:01:42
66NH,ABC,A,A*31:01:43
66NH,ABC,A,A*31:01:44
66NH,ABC,A,A*31:01:45
66NH,ABC,A,A*31:01:46
66NH,ABC,A,A*31:01:47
66NV,ABC,A,A*31:01:02:01
66NV,ABC,A,A*31:01:02:02
66NV,ABC,A,A*31:01:02:04
66NV,ABC,A,A*31:01:02:05
66NV,ABC,A,A*31:01:02:06
66NV,ABC,A,A*31:01:02:07
66NV,ABC,A,A*31:01:02:08
66NV,ABC,A,A*31:01:02:09
66NV,ABC,A,A*31:01:02:10
66NV,ABC,A,A*31:01:02:11
66NV,ABC,A,A*31:01:02:12
66NV,ABC,A,A*31:01:02:13
66NV,ABC,A,A*31:01:02:14
66NV,ABC,A,A*31:01:02:15
66NV,ABC,A,A*31:01:02:16
66NV,ABC,A,A*31:01:02:17
66NV,ABC,A,A*31:01:02:18
66NV,ABC,A,A*31:01:02:19
66NV,ABC,A,A*31:01:02:20
66NV,ABC,A,A*31:01:02:21
66NV,ABC,A,A*31:01:02:22
66NV,ABC,A,A*31:01:02:23
66NV,ABC,A,A*31:01:02:24
66NV,ABC,A,A*31:01:02:25
66NV,ABC,A,A*31:01:02:26
66NV,ABC,A,A*31:01:02:27
66NV,ABC,A,A*31:01:02:28
66NV,ABC,A,A*31:01:02:29
66NV,ABC,A,A*31:01:02:30Q
66NV,ABC,A,A*31:01:02:31
66NV,ABC,A,A*31:01:02:32
66NV,ABC,A,A*31:01:02:33
66NV,ABC,A,A*31:01:02:34
66NV,ABC,A,A*31:01:02:35
66NV,ABC,A,A*31:01:02:36
66NV,ABC,A,A*31:01:02:37
66NV,ABC,A,A*31:01:02:38
66NV,ABC,A,A*31:01:02:39
66NV,ABC,A,A*31:01:02:40
66NV,ABC,A,A*31:01:02:41
66NV,ABC,A,A*31:01:03
66NV,ABC,A,A*31:01:04
66NV,ABC,A,A*31:01:05
66NV,ABC,A,A*31:01:06
66NV,ABC,A,A*31:01:07
66NV,ABC,A,A*31:01:08
66NV,ABC,A,A*31:01:09
66NV,ABC,A,A*31:01:10
66NV,ABC,A,A*31:01:11
66NV,ABC,A,A*31:01:12
66NV,ABC,A,A*31:01:13
66NV,ABC,A,A*31:01:14
66NV,ABC,A,A*31:01:15
66NV,ABC,A,A*31:01:16
66NV,ABC,A,A*31:01:17
66NV,ABC,A,A*31:01:18
66NV,ABC,A,A*31:01:19
66NV,ABC,A,A*31:01:20
66NV,ABC,A,A*31:01:21
66NV,ABC,A,A*31:01:22
66NV,ABC,A,A*31:01:23
66NV,ABC,A,A*31:01:24
66NV,ABC,A,A*31:01:25
66NV,ABC,A,A*31:01:26
66NV,ABC,A,A*31:01:27
66NV,ABC,A,A*31:01:28
66NV,ABC,A,A*31:01:29
66NV,ABC,A,A*31:01:30
66NV,ABC,A,A*31:01:31
66NV,ABC,A,A*31:01:32
66NV,ABC,A,A*31:01:33
66NV,ABC,A,A*31:01:34
66NV,ABC,A,A*31:01:35
66NV,ABC,A,A*31:01:36
66NV,ABC,A,A*31:01:37
66NV,ABC,A,A*31:01:38
66NV,ABC,A,A*31:01:39
66NV,ABC,A,A*31:01:40
66NV,ABC,A,A*31:01:41
66NV,ABC,A,A*31:01:42
66NV,ABC,A,A*31:01:43
66NV,ABC,A,A*31:01:44
66NV,ABC,A,A*31:01:45
66NV,ABC,A,A*31:01:46
66NV,ABC,A,A*31:01:47
71HS,ABC,A,A*31:01:02:01
71HS,ABC,A,A*31:01:02:02
71HS,ABC,A,A*31:01:02:04
71HS,ABC,A,A*31:01:02:05
71HS,ABC,A,A*31:01:02:06
71HS,ABC,A,A*31:01:02:07
71HS,ABC,A,A*31:01:02:08
71HS,ABC,A,A*31:01:02:09
71HS,ABC,A,A*31:01:02:10
71HS,ABC,A,A*31:01:02:11
71HS,ABC,A,A*31:01:02:12
71HS,ABC,A,A*31:01:02:13
71HS,ABC,A,A*31:01:02:14
71HS,ABC,A,A*31:01:02:15
71HS,ABC,A,A*31:01:02:16
71HS,ABC,A,A*31:01:02:17
71HS,ABC,A,A*31:01:02:18
71HS,ABC,A,A*31:01:02:19
71HS,ABC,A,A*31:01:02:20
71HS,ABC,A,A*31:01:02:21
71HS,ABC,A,A*31:01:02:22
71HS,ABC,A,A*31:01:02:23
71HS,ABC,A,A*31:01:02:24
71HS,ABC,A,A*31:01:02:25
71HS,ABC,A,A*31:01:02:26
71HS,ABC,A,A*31:01:02:27
71HS,ABC,A,A*31:01:02:28
71HS,ABC,A,A*31:01:02:29
71HS,ABC,A,A*31:01:02:30Q
71HS,ABC,A,A*31:01:02:31
71HS,ABC,A,A*31:01:02:32
71HS,ABC,A,A*31:01:02:33
71HS,ABC,A,A*31:01:02:34
71HS,ABC,A,A*31:01:02:35
71HS,ABC,A,A*31:01:02:36
71HS,ABC,A,A*31:01:02:37
71HS,ABC,A,A*31:01:02:38
71HS,ABC,A,A*31:01:02:39
71HS,ABC,A,A*31:01:02:40
71HS,ABC,A,A*31:01:02:41
71HS,ABC,A,A*31:01:03
71HS,ABC,A,A*31:01:04
71HS,ABC,A,A*31:01:05
71HS,ABC,A,A*31:01:06
71HS,ABC,A,A*31:01:07
71HS,ABC,A,A*31:01:08
71HS,ABC,A,A*31:01:09
71HS,ABC,A,A*31:01:10
71HS,ABC,A,A*31:01:11
71HS,ABC,A,A*31:01:12
71HS,ABC,A,A*31:01:13
71HS,ABC,A,A*31:01:14
71HS,ABC,A,A*31:01:15
71HS,ABC,A,A*31:01:16
71HS,ABC,A,A*31:01:17
71HS,ABC,A,A*31:01:18
71HS,ABC,A,A*31:01:19
71HS,ABC,A,A*31:01:20
71HS,ABC,A,A*31:01:21
71HS,ABC,A,A*31:01:22
71HS,ABC,A,A*31:01:23
71HS,ABC,A,A*31:01:24
71HS,ABC,A,A*31:01:25
71HS,ABC,A,A*31:01:26
71HS,ABC,A,A*31:01:27
71HS,ABC,A,A*31:01:28
71HS,ABC,A,A*31:01:29
71HS,ABC,A,A*31:01:30
71HS,ABC,A,A*31:01:31
71HS,ABC,A,A*31:01:32
71HS,ABC,A,A*31:01:33
71HS,ABC,A,A*31:01:34
71HS,ABC,A,A*31:01:35
71HS,ABC,A,A*31:01:36
71HS,ABC,A,A*31:01:37
71HS,ABC,A,A*31:01:38
71HS,ABC,A,A*31:01:39
71HS,ABC,A,A*31:01:40
71HS,ABC,A,A*31:01:41
71HS,ABC,A,A*31:01:42
71HS,ABC,A,A*31:01:43
71HS,ABC,A,A*31:01:44
71HS,ABC,A,A*31:01:45
71HS,ABC,A,A*31:01:46
71HS,ABC,A,A*31:01:47
73ID,ABC,A,A*31:01:02:01
73ID,ABC,A,A*31:01:02:02
73ID,ABC,A,A*31:01:02:04
73ID,ABC,A,A*31:01:02:05
73ID,ABC,A,A*31:01:02:06
73ID,ABC,A,A*31:01:02:07
73ID,ABC,A,A*31:01:02:08
73ID,ABC,A,A*31:01:02:09
73ID,ABC,A,A*31:01:02:10
73ID,ABC,A,A*31:01:02:11
73ID,ABC,A,A*31:01:02:12
73ID,ABC,A,A*31:01:02:13
73ID,ABC,A,A*31:01:02:14
73ID,ABC,A,A*31:01:02:15
73ID,ABC,A,A*31:01:02:16
73ID,ABC,A,A*31:01:02:17
73ID,ABC,A,A*31:01:02:18
73ID,ABC,A,A*31:01:02:19
73ID,ABC,A,A*31:01:02:20
73ID,ABC,A,A*31:01:02:21
73ID,ABC,A,A*31:01:02:22
73ID,ABC,A,A*31:01:02:23
73ID,ABC,A,A*31:01:02:24
73ID,ABC,A,A*31:01:02:25
73ID,ABC,A,A*31:01:02:26
73ID,ABC,A,A*31:01:02:27
73ID,ABC,A,A*31:01:02:28
73ID,ABC,A,A*31:01:02:29
73ID,ABC,A,A*31:01:02:30Q
73ID,ABC,A,A*31:01:02:31
73ID,ABC,A,A*31:01:02:32
73ID,ABC,A,A*31:01:02:33
73ID,ABC,A,A*31:01:02:34
73ID,ABC,A,A*31:01:02:35
73ID,ABC,A,A*31:01:02:36
73ID,ABC,A,A*31:01:02:37
73ID,ABC,A,A*31:01:02:38
73ID,ABC,A,A*31:01:02:39
73ID,ABC,A,A*31:01:02:40
73ID,ABC,A,A*31:01:02:41
73ID,ABC,A,A*31:01:03
73ID,ABC,A,A*31:01:04
73ID,ABC,A,A*31:01:05
73ID,ABC,A,A*31:01:06
73ID,ABC,A,A*31:01:07
73ID,ABC,A,A*31:01:08
73ID,ABC,A,A*31:01:09
73ID,ABC,A,A*31:01:10
73ID,ABC,A,A*31:01:11
73ID,ABC,A,A*31:01:12
73ID,ABC,A,A*31:01:13
73ID,ABC,A,A*31:01:14
73ID,ABC,A,A*31:01:15
73ID,ABC,A,A*31:01:16
73ID,ABC,A,A*31:01:17
73ID,ABC,A,A*31:01:18
73ID,ABC,A,A*31:01:19
73ID,ABC,A,A*31:01:20
73ID,ABC,A,A*31:01:21
73ID,ABC,A,A*31:01:22
73ID,ABC,A,A*31:01:23
73ID,ABC,A,A*31:01:24
73ID,ABC,A,A*31:01:25
73ID,ABC,A,A*31:01:26
73ID,ABC,A,A*31:01:27
73ID,ABC,A,A*31:01:28
73ID,ABC,A,A*31:01:29
73ID,ABC,A,A*31:01:30
73ID,ABC,A,A*31:01:31
73ID,ABC,A,A*31:01:32
73ID,ABC,A,A*31:01:33
73ID,ABC,A,A*31:01:34
73ID,ABC,A,A*31:01:35
73ID,ABC,A,A*31:01:36
73ID,ABC,A,A*31:01:37
73ID,ABC,A,A*31:01:38
73ID,ABC,A,A*31:01:39
73ID,ABC,A,A*31:01:40
73ID,ABC,A,A*31:01:41
73ID,ABC,A,A*31:01:42
73ID,ABC,A,A*31:01:43
73ID,ABC,A,A*31:01:44
73ID,ABC,A,A*31:01:45
73ID,ABC,A,A*31:01:46
73ID,ABC,A,A*31:01:47
76VDT,ABC,A,A*31:01:02:01
76VDT,ABC,A,A*31:01:02:02
76VDT,ABC,A,A*31:01:02:04
76VDT,ABC,A,A*31:01:02:05
76VDT,ABC,A,A*31:01:02:06
76VDT,ABC,A,A*31:01:02:07
76VDT,ABC,A,A*31:01:02:08
76VDT,ABC,A,A*31:01:02:09
76VDT,ABC,A,A*31:01:02:10
76VDT,ABC,A,A*31:01:02:11
76VDT,ABC,A,A*31:01:02:12
76VDT,ABC,A,A*31:01:02:13
76VDT,ABC,A,A*31:01:02:14
76VDT,ABC,A,A*31:01:02:15
76VDT,ABC,A,A*31:01:02:16
76VDT,ABC,A,A*31:01:02:17
76VDT,ABC,A,A*31:01:02:18
76VDT,ABC,A,A*31:01:02:19
76VDT,ABC,A,A*31:01:02:20
76VDT,ABC,A,A*31:01:02:21
76VDT,ABC,A,A*31:01:02:22
76VDT,ABC,A,A*31:01:02:23
76VDT,ABC,A,A*31:01:02:24
76VDT,ABC,A,A*31:01:02:25
76VDT,ABC,A,A*31:01:02:26
76VDT,ABC,A,A*31:01:02:27
76VDT,ABC,A,A*31:01:02:28
76VDT,ABC,A,A*31:01:02:29
76VDT,ABC,A,A*31:01:02:30Q
76VDT,ABC,A,A*31:01:02:31
76VDT,ABC,A,A*31:01:02:32
76VDT,ABC,A,A*31:01:02:33
76VDT,ABC,A,A*31:01:02:34
76VDT,ABC,A,A*31:01:02:35
76VDT,ABC,A,A*31:01:02:36
76VDT,ABC,A,A*31:01:02:37
76VDT,ABC,A,A*31:01:02:38
76VDT,ABC,A,A*31:01:02:39
76VDT,ABC,A,A*31:01:02:40
76VDT,ABC,A,A*31:01:02:41
76VDT,ABC,A,A*31:01:03
76VDT,ABC,A,A*31:01:04
76VDT,ABC,A,A*31:01:05
76VDT,ABC,A,A*31:01:06
76VDT,ABC,A,A*31:01:07
76VDT,ABC,A,A*31:01:08
76VDT,ABC,A,A*31:01:09
76VDT,ABC,A,A*31:01:10
76VDT,ABC,A,A*31:01:11
76VDT,ABC,A,A*31:01:12
76VDT,ABC,A,A*31:01:13
76VDT,ABC,A,A*31:01:14
76VDT,ABC,A,A*31:01:15
76VDT,ABC,A,A*31:01:16
76VDT,ABC,A,A*31:01:17
76VDT,ABC,A,A*31:01:18
76VDT,ABC,A,A*31:01:19
76VDT,ABC,A,A*31:01:20
76VDT,ABC,A,A*31:01:21
76VDT,ABC,A,A*31:01:22
76VDT,ABC,A,A*31:01:23
76VDT,ABC,A,A*31:01:24
76VDT,ABC,A,A*31:01:25
76VDT,ABC,A,A*31:01:26
76VDT,ABC,A,A*31:01:27
76VDT,ABC,A,A*31:01:28
76VDT,ABC,A,A*31:01:29
76VDT,ABC,A,A*31:01:30
76VDT,ABC,A,A*31:01:31
76VDT,ABC,A,A*31:01:32
76VDT,ABC,A,A*31:01:33
76VDT,ABC,A,A*31:01:34
76VDT,ABC,A,A*31:01:35
76VDT,ABC,A,A*31:01:36
76VDT,ABC,A,A*31:01:37
76VDT,ABC,A,A*31:01:38
76VDT,ABC,A,A*31:01:39
76VDT,ABC,A,A*31:01:40
76VDT,ABC,A,A*31:01:41
76VDT,ABC,A,A*31:01:42
76VDT,ABC,A,A*31:01:43
76VDT,ABC,A,A*31:01:44
76VDT,ABC,A,A*31:01:45
76VDT,ABC,A,A*31:01:46
76VDT,ABC,A,A*31:01:47
77D,ABC,A,A*31:01:02:01
77D,ABC,A,A*31:01:02:02
77D,ABC,A,A*31:01:02:04
77D,ABC,A,A*31:01:02:05
77D,ABC,A,A*31:01:02:06
77D,ABC,A,A*31:01:02:07
77D,ABC,A,A*31:01:02:08
77D,ABC,A,A*31:01:02:09
77D,ABC,A,A*31:01:02:10
77D,ABC,A,A*31:01:02:11
77D,ABC,A,A*31:01:02:12
77D,ABC,A,A*31:01:02:13
77D,ABC,A,A*31:01:02:14
77D,ABC,A,A*31:01:02:15
77D,ABC,A,A*31:01:02:16
77D,ABC,A,A*31:01:02:17
77D,ABC,A,A*31:01:02:18
77D,ABC,A,A*31:01:02:19
77D,ABC,A,A*31:01:02:20
77D,ABC,A,A*31:01:02:21
77D,ABC,A,A*31:01:02:22
77D,ABC,A,A*31:01:02:23
77D,ABC,A,A*31:01:02:24
77D,ABC,A,A*31:01:02:25
77D,ABC,A,A*31:01:02:26
77D,ABC,A,A*31:01:02:27
77D,ABC,A,A*31:01:02:28
77D,ABC,A,A*31:01:02:29
77D,ABC,A,A*31:01:02:30Q
77D,ABC,A,A*31:01:02:31
77D,ABC,A,A*31:01:02:32
77D,ABC,A,A*31:01:02:33
77D,ABC,A,A*31:01:02:34
77D,ABC,A,A*31:01:02:35
77D,ABC,A,A*31:01:02:36
77D,ABC,A,A*31:01:02:37
77D,ABC,A,A*31:01:02:38
77D,ABC,A,A*31:01:02:39
77D,ABC,A,A*31:01:02:40
77D,ABC,A,A*31:01:02:41
77D,ABC,A,A*31:01:03
77D,ABC,A,A*31:01:04
77D,ABC,A,A*31:01:05
77D,ABC,A,A*31:01:06
77D,ABC,A,A*31:01:07
77D,ABC,A,A*31:01:08
77D,ABC,A,A*31:01:09
77D,ABC,A,A*31:01:10
77D,ABC,A,A*31:01:11
77D,ABC,A,A*31:01:12
77D,ABC,A,A*31:01:13
77D,ABC,A,A*31:01:14
77D,ABC,A,A*31:01:15
77D,ABC,A,A*31:01:16
77D,ABC,A,A*31:01:17
77D,ABC,A,A*31:01:18
77D,ABC,A,A*31:01:19
77D,ABC,A,A*31:01:20
77D,ABC,A,A*31:01:21
77D,ABC,A,A*31:01:22
77D,ABC,A,A*31:01:23
77D,ABC,A,A*31:01:24
77D,ABC,A,A*31:01:25
77D,ABC,A,A*31:01:26
77D,ABC,A,A*31:01:27
77D,ABC,A,A*31:01:28
77D,ABC,A,A*31:01:29
77D,ABC,A,A*31:01:30
77D,ABC,A,A*31:01:31
77D,ABC,A,A*31:01:32
77D,ABC,A,A*31:01:33
77D,ABC,A,A*31:01:34
77D,ABC,A,A*31:01:35
77D,ABC,A,A*31:01:36
77D,ABC,A,A*31:01:37
77D,ABC,A,A*31:01:38
77D,ABC,A,A*31:01:39
77D,ABC,A,A*31:01:40
77D,ABC,A,A*31:01:41
77D,ABC,A,A*31:01:42
77D,ABC,A,A*31:01:43
77D,ABC,A,A*31:01:44
77D,ABC,A,A*31:01:45
77D,ABC,A,A*31:01:46
77D,ABC,A,A*31:01:47
79GT,ABC,A,A*31:01:02:01
79GT,ABC,A,A*31:01:02:02
79GT,ABC,A,A*31:01:02:04
79GT,ABC,A,A*31:01:02:05
79GT,ABC,A,A*31:01:02:06
79GT,ABC,A,A*31:01:02:07
79GT,ABC,A,A*31:01:02:08
79GT,ABC,A,A*31:01:02:09
79GT,ABC,A,A*31:01:02:10
79GT,ABC,A,A*31:01:02:11
79GT,ABC,A,A*31:01:02:12
79GT,ABC,A,A*31:01:02:13
79GT,ABC,A,A*31:01:02:14
79GT,ABC,A,A*31:01:02:15
79GT,ABC,A,A*31:01:02:16
79GT,ABC,A,A*31:01:02:17
79GT,ABC,A,A*31:01:02:18
79GT,ABC,A,A*31:01:02:19
79GT,ABC,A,A*31:01:02:20
79GT,ABC,A,A*31:01:02:21
79GT,ABC,A,A*31:01:02:22
79GT,ABC,A,A*31:01:02:23
79GT,ABC,A,A*31:01:02:24
79GT,ABC,A,A*31:01:02:25
79GT,ABC,A,A*31:01:02:26
79GT,ABC,A,A*31:01:02:27
79GT,ABC,A,A*31:01:02:28
79GT,ABC,A,A*31:01:02:29
79GT,ABC,A,A*31:01:02:30Q
79GT,ABC,A,A*31:01:02:31
79GT,ABC,A,A*31:01:02:32
79GT,ABC,A,A*31:01:02:33
79GT,ABC,A,A*31:01:02:34
79GT,ABC,A,A*31:01:02:35
79GT,ABC,A,A*31:01:02:36
79GT,ABC,A,A*31:01:02:37
79GT,ABC,A,A*31:01:02:38
79GT,ABC,A,A*31:01:02:39
79GT,ABC,A,A*31:01:02:40
79GT,ABC,A,A*31:01:02:41
79GT,ABC,A,A*31:01:03
79GT,ABC,A,A*31:01:04
79GT,ABC,A,A*31:01:05
79GT,ABC,A,A*31:01:06
79GT,ABC,A,A*31:01:07
79GT,ABC,A,A*31:01:08
79GT,ABC,A,A*31:01:09
79GT,ABC,A,A*31:01:10
79GT,ABC,A,A*31:01:11
79GT,ABC,A,A*31:01:12
79GT,ABC,A,A*31:01:13
79GT,ABC,A,A*31:01:14
79GT,ABC,A,A*31:01:15
79GT,ABC,A,A*31:01:16
79GT,ABC,A,A*31:01:17
79GT,ABC,A,A*31:01:18
79GT,ABC,A,A*31:01:19
79GT,ABC,A,A*31:01:20
79GT,ABC,A,A*31:01:21
79GT,ABC,A,A*31:01:22
79GT,ABC,A,A*31:01:23
79GT,ABC,A,A*31:01:24
79GT,ABC,A,A*31:01:25
79GT,ABC,A,A*31:01:26
79GT,ABC,A,A*31:01:27
79GT,ABC,A,A*31:01:28
79GT,ABC,A,A*31:01:29
79GT,ABC,A,A*31:01:30
79GT,ABC,A,A*31:01:31
79GT,ABC,A,A*31:01:32
79GT,ABC,A,A*31:01:33
79GT,ABC,A,A*31:01:34
79GT,ABC,A,A*31:01:35
79GT,ABC,A,A*31:01:36
79GT,ABC,A,A*31:01:37
79GT,ABC,A,A*31:01:38
79GT,ABC,A,A*31:01:39
79GT,ABC,A,A*31:01:40
79GT,ABC,A,A*31:01:41
79GT,ABC,A,A*31:01:42
79GT,ABC,A,A*31:01:43
79GT,ABC,A,A*31:01:44
79GT,ABC,A,A*31:01:45
79GT,ABC,A,A*31:01:46
79GT,ABC,A,A*31:01:47
80T,ABC,A,A*31:01:02:01
80T,ABC,A,A*31:01:02:02
80T,ABC,A,A*31:01:02:04
80T,ABC,A,A*31:01:02:05
80T,ABC,A,A*31:01:02:06
80T,ABC,A,A*31:01:02:07
80T,ABC,A,A*31:01:02:08
80T,ABC,A,A*31:01:02:09
80T,ABC,A,A*31:01:02:10
80T,ABC,A,A*31:01:02:11
80T,ABC,A,A*31:01:02:12
80T,ABC,A,A*31:01:02:13
80T,ABC,A,A*31:01:02:14
80T,ABC,A,A*31:01:02:15
80T,ABC,A,A*31:01:02:16
80T,ABC,A,A*31:01:02:17
80T,ABC,A,A*31:01:02:18
80T,ABC,A,A*31:01:02:19
80T,ABC,A,A*31:01:02:20
80T,ABC,A,A*31:01:02:21
80T,ABC,A,A*31:01:02:22
80T,ABC,A,A*31:01:02:23
80T,ABC,A,A*31:01:02:24
80T,ABC,A,A*31:01:02:25
80T,ABC,A,A*31:01:02:26
80T,ABC,A,A*31:01:02:27
80T,ABC,A,A*31:01:02:28
80T,ABC,A,A*31:01:02:29
80T,ABC,A,A*31:01:02:30Q
80T,ABC,A,A*31:01:02:31
80T,ABC,A,A*31:01:02:32
80T,ABC,A,A*31:01:02:33
80T,ABC,A,A*31:01:02:34
80T,ABC,A,A*31:01:02:35
80T,ABC,A,A*31:01:02:36
80T,ABC,A,A*31:01:02:37
80T,ABC,A,A*31:01:02:38
80T,ABC,A,A*31:01:02:39
80T,ABC,A,A*31:01:02:40
80T,ABC,A,A*31:01:02:41
80T,ABC,A,A*31:01:03
80T,ABC,A,A*31:01:04
80T,ABC,A,A*31:01:05
80T,ABC,A,A*31:01:06
80T,ABC,A,A*31:01:07
80T,ABC,A,A*31:01:08
80T,ABC,A,A*31:01:09
80T,ABC,A,A*31:01:10
80T,ABC,A,A*31:01:11
80T,ABC,A,A*31:01:12
80T,ABC,A,A*31:01:13
80T,ABC,A,A*31:01:14
80T,ABC,A,A*31:01:15
80T,ABC,A,A*31:01:16
80T,ABC,A,A*31:01:17
80T,ABC,A,A*31:01:18
80T,ABC,A,A*31:01:19
80T,ABC,A,A*31:01:20
80T,ABC,A,A*31:01:21
80T,ABC,A,A*31:01:22
80T,ABC,A,A*31:01:23
80T,ABC,A,A*31:01:24
80T,ABC,A,A*31:01:25
80T,ABC,A,A*31:01:26
80T,ABC,A,A*31:01:27
80T,ABC,A,A*31:01:28
80T,ABC,A,A*31:01:29
80T,ABC,A,A*31:01:30
80T,ABC,A,A*31:01:31
80T,ABC,A,A*31:01:32
80T,ABC,A,A*31:01:33
80T,ABC,A,A*31:01:34
80T,ABC,A,A*31:01:35
80T,ABC,A,A*31:01:36
80T,ABC,A,A*31:01:37
80T,ABC,A,A*31:01:38
80T,ABC,A,A*31:01:39
80T,ABC,A,A*31:01:40
80T,ABC,A,A*31:01:41
80T,ABC,A,A*31:01:42
80T,ABC,A,A*31:01:43
80T,ABC,A,A*31:01:44
80T,ABC,A,A*31:01:45
80T,ABC,A,A*31:01:46
80T,ABC,A,A*31:01:47
80TL,ABC,A,A*31:01:02:01
80TL,ABC,A,A*31:01:02:02
80TL,ABC,A,A*31:01:02:04
80TL,ABC,A,A*31:01:02:05
80TL,ABC,A,A*31:01:02:06
80TL,ABC,A,A*31:01:02:07
80TL,ABC,A,A*31:01:02:08
80TL,ABC,A,A*31:01:02:09
80TL,ABC,A,A*31:01:02:10
80TL,ABC,A,A*31:01:02:11
80TL,ABC,A,A*31:01:02:12
80TL,ABC,A,A*31:01:02:13
80TL,ABC,A,A*31:01:02:14
80TL,ABC,A,A*31:01:02:15
80TL,ABC,A,A*31:01:02:16
80TL,ABC,A,A*31:01:02:17
80TL,ABC,A,A*31:01:02:18
80TL,ABC,A,A*31:01:02:19
80TL,ABC,A,A*31:01:02:20
80TL,ABC,A,A*31:01:02:21
80TL,ABC,A,A*31:01:02:22
80TL,ABC,A,A*31:01:02:23
80TL,ABC,A,A*31:01:02:24
80TL,ABC,A,A*31:01:02:25
80TL,ABC,A,A*31:01:02:26
80TL,ABC,A,A*31:01:02:27
80TL,ABC,A,A*31:01:02:28
80TL,ABC,A,A*31:01:02:29
80TL,ABC,A,A*31:01:02:30Q
80TL,ABC,A,A*31:01:02:31
80TL,ABC,A,A*31:01:02:32
80TL,ABC,A,A*31:01:02:33
80TL,ABC,A,A*31:01:02:34
80TL,ABC,A,A*31:01:02:35
80TL,ABC,A,A*31:01:02:36
80TL,ABC,A,A*31:01:02:37
80TL,ABC,A,A*31:01:02:38
80TL,ABC,A,A*31:01:02:39
80TL,ABC,A,A*31:01:02:40
80TL,ABC,A,A*31:01:02:41
80TL,ABC,A,A*31:01:03
80TL,ABC,A,A*31:01:04
80TL,ABC,A,A*31:01:05
80TL,ABC,A,A*31:01:06
80TL,ABC,A,A*31:01:07
80TL,ABC,A,A*31:01:08
80TL,ABC,A,A*31:01:09
80TL,ABC,A,A*31:01:10
80TL,ABC,A,A*31:01:11
80TL,ABC,A,A*31:01:12
80TL,ABC,A,A*31:01:13
80TL,ABC,A,A*31:01:14
80TL,ABC,A,A*31:01:15
80TL,ABC,A,A*31:01:16
80TL,ABC,A,A*31:01:17
80TL,ABC,A,A*31:01:18
80TL,ABC,A,A*31:01:19
80TL,ABC,A,A*31:01:20
80TL,ABC,A,A*31:01:21
80TL,ABC,A,A*31:01:22
80TL,ABC,A,A*31:01:23
80TL,ABC,A,A*31:01:24
80TL,ABC,A,A*31:01:25
80TL,ABC,A,A*31:01:26
80TL,ABC,A,A*31:01:27
80TL,ABC,A,A*31:01:28
80TL,ABC,A,A*31:01:29
80TL,ABC,A,A*31:01:30
80TL,ABC,A,A*31:01:31
80TL,ABC,A,A*31:01:32
80TL,ABC,A,A*31:01:33
80TL,ABC,A,A*31:01:34
80TL,ABC,A,A*31:01:35
80TL,ABC,A,A*31:01:36
80TL,ABC,A,A*31:01:37
80TL,ABC,A,A*31:01:38
80TL,ABC,A,A*31:01:39
80TL,ABC,A,A*31:01:40
80TL,ABC,A,A*31:01:41
80TL,ABC,A,A*31:01:42
80TL,ABC,A,A*31:01:43
80TL,ABC,A,A*31:01:44
80TL,ABC,A,A*31:01:45
80TL,ABC,A,A*31:01:46
80TL,ABC,A,A*31:01:47
95I,ABC,A,A*31:01:02:01
95I,ABC,A,A*31:01:02:02
95I,ABC,A,A*31:01:02:04
95I,ABC,A,A*31:01:02:05
95I,ABC,A,A*31:01:02:06
95I,ABC,A,A*31:01:02:07
95I,ABC,A,A*31:01:02:08
95I,ABC,A,A*31:01:02:09
95I,ABC,A,A*31:01:02:10
95I,ABC,A,A*31:01:02:11
95I,ABC,A,A*31:01:02:12
95I,ABC,A,A*31:01:02:13
95I,ABC,A,A*31:01:02:14
95I,ABC,A,A*31:01:02:15
95I,ABC,A,A*31:01:02:16
95I,ABC,A,A*31:01:02:17
95I,ABC,A,A*31:01:02:18
95I,ABC,A,A*31:01:02:19
95I,ABC,A,A*31:01:02:20
95I,ABC,A,A*31:01:02:21
95I,ABC,A,A*31:01:02:22
95I,ABC,A,A*31:01:02:23
95I,ABC,A,A*31:01:02:24
95I,ABC,A,A*31:01:02:25
95I,ABC,A,A*31:01:02:26
95I,ABC,A,A*31:01:02:27
95I,ABC,A,A*31:01:02:28
95I,ABC,A,A*31:01:02:29
95I,ABC,A,A*31:01:02:30Q
95I,ABC,A,A*31:01:02:31
95I,ABC,A,A*31:01:02:32
95I,ABC,A,A*31:01:02:33
95I,ABC,A,A*31:01:02:34
95I,ABC,A,A*31:01:02:35
95I,ABC,A,A*31:01:02:36
95I,ABC,A,A*31:01:02:37
95I,ABC,A,A*31:01:02:38
95I,ABC,A,A*31:01:02:39
95I,ABC,A,A*31:01:02:40
95I,ABC,A,A*31:01:02:41
95I,ABC,A,A*31:01:03
95I,ABC,A,A*31:01:04
95I,ABC,A,A*31:01:05
95I,ABC,A,A*31:01:06
95I,ABC,A,A*31:01:07
95I,ABC,A,A*31:01:08
95I,ABC,A,A*31:01:09
95I,ABC,A,A*31:01:10
95I,ABC,A,A*31:01:11
95I,ABC,A,A*31:01:12
95I,ABC,A,A*31:01:13
95I,ABC,A,A*31:01:14
95I,ABC,A,A*31:01:15
95I,ABC,A,A*31:01:16
95I,ABC,A,A*31:01:17
95I,ABC,A,A*31:01:18
95I,ABC,A,A*31:01:19
95I,ABC,A,A*31:01:20
95I,ABC,A,A*31:01:21
95I,ABC,A,A*31:01:22
95I,ABC,A,A*31:01:23
95I,ABC,A,A*31:01:24
95I,ABC,A,A*31:01:25
95I,ABC,A,A*31:01:26
95I,ABC,A,A*31:01:27
95I,ABC,A,A*31:01:28
95I,ABC,A,A*31:01:29
95I,ABC,A,A*31:01:30
95I,ABC,A,A*31:01:31
95I,ABC,A,A*31:01:32
95I,ABC,A,A*31:01:33
95I,ABC,A,A*31:01:34
95I,ABC,A,A*31:01:35
95I,ABC,A,A*31:01:36
95I,ABC,A,A*31:01:37
95I,ABC,A,A*31:01:38
95I,ABC,A,A*31:01:39
95I,ABC,A,A*31:01:40
95I,ABC,A,A*31:01:41
95I,ABC,A,A*31:01:42
95I,ABC,A,A*31:01:43
95I,ABC,A,A*31:01:44
95I,ABC,A,A*31:01:45
95I,ABC,A,A*31:01:46
95I,ABC,A,A*31:01:47
97M,ABC,A,A*31:01:02:01
97M,ABC,A,A*31:01:02:02
97M,ABC,A,A*31:01:02:04
97M,ABC,A,A*31:01:02:05
97M,ABC,A,A*31:01:02:06
97M,ABC,A,A*31:01:02:07
97M,ABC,A,A*31:01:02:08
97M,ABC,A,A*31:01:02:09
97M,ABC,A,A*31:01:02:10
97M,ABC,A,A*31:01:02:11
97M,ABC,A,A*31:01:02:12
97M,ABC,A,A*31:01:02:13
97M,ABC,A,A*31:01:02:14
97M,ABC,A,A*31:01:02:15
97M,ABC,A,A*31:01:02:16
97M,ABC,A,A*31:01:02:17
97M,ABC,A,A*31:01:02:18
97M,ABC,A,A*31:01:02:19
97M,ABC,A,A*31:01:02:20
97M,ABC,A,A*31:01:02:21
97M,ABC,A,A*31:01:02:22
97M,ABC,A,A*31:01:02:23
97M,ABC,A,A*31:01:02:24
97M,ABC,A,A*31:01:02:25
97M,ABC,A,A*31:01:02:26
97M,ABC,A,A*31:01:02:27
97M,ABC,A,A*31:01:02:28
97M,ABC,A,A*31:01:02:29
97M,ABC,A,A*31:01:02:30Q
97M,ABC,A,A*31:01:02:31
97M,ABC,A,A*31:01:02:32
97M,ABC,A,A*31:01:02:33
97M,ABC,A,A*31:01:02:34
97M,ABC,A,A*31:01:02:35
97M,ABC,A,A*31:01:02:36
97M,ABC,A,A*31:01:02:37
97M,ABC,A,A*31:01:02:38
97M,ABC,A,A*31:01:02:39
97M,ABC,A,A*31:01:02:40
97M,ABC,A,A*31:01:02:41
97M,ABC,A,A*31:01:03
97M,ABC,A,A*31:01:04
97M,ABC,A,A*31:01:05
97M,ABC,A,A*31:01:06
97M,ABC,A,A*31:01:07
97M,ABC,A,A*31:01:08
97M,ABC,A,A*31:01:09
97M,ABC,A,A*31:01:10
97M,ABC,A,A*31:01:11
97M,ABC,A,A*31:01:12
97M,ABC,A,A*31:01:13
97M,ABC,A,A*31:01:14
97M,ABC,A,A*31:01:15
97M,ABC,A,A*31:01:16
97M,ABC,A,A*31:01:17
97M,ABC,A,A*31:01:18
97M,ABC,A,A*31:01:19
97M,ABC,A,A*31:01:20
97M,ABC,A,A*31:01:21
97M,ABC,A,A*31:01:22
97M,ABC,A,A*31:01:23
97M,ABC,A,A*31:01:24
97M,ABC,A,A*31:01:25
97M,ABC,A,A*31:01:26
97M,ABC,A,A*31:01:27
97M,ABC,A,A*31:01:28
97M,ABC,A,A*31:01:29
97M,ABC,A,A*31:01:30
97M,ABC,A,A*31:01:31
97M,ABC,A,A*31:01:32
97M,ABC,A,A*31:01:33
97M,ABC,A,A*31:01:34
97M,ABC,A,A*31:01:35
97M,ABC,A,A*31:01:36
97M,ABC,A,A*31:01:37
97M,ABC,A,A*31:01:38
97M,ABC,A,A*31:01:39
97M,ABC,A,A*31:01:40
97M,ABC,A,A*31:01:41
97M,ABC,A,A*31:01:42
97M,ABC,A,A*31:01:43
97M,ABC,A,A*31:01:44
97M,ABC,A,A*31:01:45
97M,ABC,A,A*31:01:46
97M,ABC,A,A*31:01:47
99Y,ABC,A,A*31:01:02:01
99Y,ABC,A,A*31:01:02:02
99Y,ABC,A,A*31:01:02:04
99Y,ABC,A,A*31:01:02:05
99Y,ABC,A,A*31:01:02:06
99Y,ABC,A,A*31:01:02:07
99Y,ABC,A,A*31:01:02:08
99Y,ABC,A,A*31:01:02:09
99Y,ABC,A,A*31:01:02:10
99Y,ABC,A,A*31:01:02:11
99Y,ABC,A,A*31:01:02:12
99Y,ABC,A,A*31:01:02:13
99Y,ABC,A,A*31:01:02:14
99Y,ABC,A,A*31:01:02:15
99Y,ABC,A,A*31:01:02:16
99Y,ABC,A,A*31:01:02:17
99Y,ABC,A,A*31:01:02:18
99Y,ABC,A,A*31:01:02:19
99Y,ABC,A,A*31:01:02:20
99Y,ABC,A,A*31:01:02:21
99Y,ABC,A,A*31:01:02:22
99Y,ABC,A,A*31:01:02:23
99Y,ABC,A,A*31:01:02:24
99Y,ABC,A,A*31:01:02:25
99Y,ABC,A,A*31:01:02:26
99Y,ABC,A,A*31:01:02:27
99Y,ABC,A,A*31:01:02:28
99Y,ABC,A,A*31:01:02:29
99Y,ABC,A,A*31:01:02:30Q
99Y,ABC,A,A*31:01:02:31
99Y,ABC,A,A*31:01:02:32
99Y,ABC,A,A*31:01:02:33
99Y,ABC,A,A*31:01:02:34
99Y,ABC,A,A*31:01:02:35
99Y,ABC,A,A*31:01:02:36
99Y,ABC,A,A*31:01:02:37
99Y,ABC,A,A*31:01:02:38
99Y,ABC,A,A*31:01:02:39
99Y,ABC,A,A*31:01:02:40
99Y,ABC,A,A*31:01:02:41
99Y,ABC,A,A*31:01:03
99Y,ABC,A,A*31:01:04
99Y,ABC,A,A*31:01:05
99Y,ABC,A,A*31:01:06
99Y,ABC,A,A*31:01:07
99Y,ABC,A,A*31:01:08
99Y,ABC,A,A*31:01:09
99Y,ABC,A,A*31:01:10
99Y,ABC,A,A*31:01:11
99Y,ABC,A,A*31:01:12
99Y,ABC,A,A*31:01:13
99Y,ABC,A,A*31:01:14
99Y,ABC,A,A*31:01:15
99Y,ABC,A,A*31:01:16
99Y,ABC,A,A*31:01:17
99Y,ABC,A,A*31:01:18
99Y,ABC,A,A*31:01:19
99Y,ABC,A,A*31:01:20
99Y,ABC,A,A*31:01:21
99Y,ABC,A,A*31:01:22
99Y,ABC,A,A*31:01:23
99Y,ABC,A,A*31:01:24
99Y,ABC,A,A*31:01:25
99Y,ABC,A,A*31:01:26
99Y,ABC,A,A*31:01:27
99Y,ABC,A,A*31:01:28
99Y,ABC,A,A*31:01:29
99Y,ABC,A,A*31:01:30
99Y,ABC,A,A*31:01:31
99Y,ABC,A,A*31:01:32
99Y,ABC,A,A*31:01:33
99Y,ABC,A,A*31:01:34
99Y,ABC,A,A*31:01:35
99Y,ABC,A,A*31:01:36
99Y,ABC,A,A*31:01:37
99Y,ABC,A,A*31:01:38
99Y,ABC,A,A*31:01:39
99Y,ABC,A,A*31:01:40
99Y,ABC,A,A*31:01:41
99Y,ABC,A,A*31:01:42
99Y,ABC,A,A*31:01:43
99Y,ABC,A,A*31:01:44
99Y,ABC,A,A*31:01:45
99Y,ABC,A,A*31:01:46
99Y,ABC,A,A*31:01:47
105S,ABC,A,A*31:01:02:01
105S,ABC,A,A*31:01:02:02
105S,ABC,A,A*31:01:02:04
105S,ABC,A,A*31:01:02:05
105S,ABC,A,A*31:01:02:06
105S,ABC,A,A*31:01:02:07
105S,ABC,A,A*31:01:02:08
105S,ABC,A,A*31:01:02:09
105S,ABC,A,A*31:01:02:10
105S,ABC,A,A*31:01:02:11
105S,ABC,A,A*31:01:02:12
105S,ABC,A,A*31:01:02:13
105S,ABC,A,A*31:01:02:14
105S,ABC,A,A*31:01:02:15
105S,ABC,A,A*31:01:02:16
105S,ABC,A,A*31:01:02:17
105S,ABC,A,A*31:01:02:18
105S,ABC,A,A*31:01:02:19
105S,ABC,A,A*31:01:02:20
105S,ABC,A,A*31:01:02:21
105S,ABC,A,A*31:01:02:22
105S,ABC,A,A*31:01:02:23
105S,ABC,A,A*31:01:02:24
105S,ABC,A,A*31:01:02:25
105S,ABC,A,A*31:01:02:26
105S,ABC,A,A*31:01:02:27
105S,ABC,A,A*31:01:02:28
105S,ABC,A,A*31:01:02:29
105S,ABC,A,A*31:01:02:30Q
105S,ABC,A,A*31:01:02:31
105S,ABC,A,A*31:01:02:32
105S,ABC,A,A*31:01:02:33
105S,ABC,A,A*31:01:02:34
105S,ABC,A,A*31:01:02:35
105S,ABC,A,A*31:01:02:36
105S,ABC,A,A*31:01:02:37
105S,ABC,A,A*31:01:02:38
105S,ABC,A,A*31:01:02:39
105S,ABC,A,A*31:01:02:40
105S,ABC,A,A*31:01:02:41
105S,ABC,A,A*31:01:03
105S,ABC,A,A*31:01:04
105S,ABC,A,A*31:01:05
105S,ABC,A,A*31:01:06
105S,ABC,A,A*31:01:07
105S,ABC,A,A*31:01:08
105S,ABC,A,A*31:01:09
105S,ABC,A,A*31:01:10
105S,ABC,A,A*31:01:11
105S,ABC,A,A*31:01:12
105S,ABC,A,A*31:01:13
105S,ABC,A,A*31:01:14
105S,ABC,A,A*31:01:15
105S,ABC,A,A*31:01:16
105S,ABC,A,A*31:01:17
105S,ABC,A,A*31:01:18
105S,ABC,A,A*31:01:19
105S,ABC,A,A*31:01:20
105S,ABC,A,A*31:01:21
105S,ABC,A,A*31:01:22
105S,ABC,A,A*31:01:23
105S,ABC,A,A*31:01:24
105S,ABC,A,A*31:01:25
105S,ABC,A,A*31:01:26
105S,ABC,A,A*31:01:27
105S,ABC,A,A*31:01:28
105S,ABC,A,A*31:01:29
105S,ABC,A,A*31:01:30
105S,ABC,A,A*31:01:31
105S,ABC,A,A*31:01:32
105S,ABC,A,A*31:01:33
105S,ABC,A,A*31:01:34
105S,ABC,A,A*31:01:35
105S,ABC,A,A*31:01:36
105S,ABC,A,A*31:01:37
105S,ABC,A,A*31:01:38
105S,ABC,A,A*31:01:39
105S,ABC,A,A*31:01:40
105S,ABC,A,A*31:01:41
105S,ABC,A,A*31:01:42
105S,ABC,A,A*31:01:43
105S,ABC,A,A*31:01:44
105S,ABC,A,A*31:01:45
105S,ABC,A,A*31:01:46
105S,ABC,A,A*31:01:47
109F,ABC,A,A*31:01:02:01
109F,ABC,A,A*31:01:02:02
109F,ABC,A,A*31:01:02:04
109F,ABC,A,A*31:01:02:05
109F,ABC,A,A*31:01:02:06
109F,ABC,A,A*31:01:02:07
109F,ABC,A,A*31:01:02:08
109F,ABC,A,A*31:01:02:09
109F,ABC,A,A*31:01:02:10
109F,ABC,A,A*31:01:02:11
109F,ABC,A,A*31:01:02:12
109F,ABC,A,A*31:01:02:13
109F,ABC,A,A*31:01:02:14
109F,ABC,A,A*31:01:02:15
109F,ABC,A,A*31:01:02:16
109F,ABC,A,A*31:01:02:17
109F,ABC,A,A*31:01:02:18
109F,ABC,A,A*31:01:02:19
109F,ABC,A,A*31:01:02:20
109F,ABC,A,A*31:01:02:21
109F,ABC,A,A*31:01:02:22
109F,ABC,A,A*31:01:02:23
109F,ABC,A,A*31:01:02:24
109F,ABC,A,A*31:01:02:25
109F,ABC,A,A*31:01:02:26
109F,ABC,A,A*31:01:02:27
109F,ABC,A,A*31:01:02:28
109F,ABC,A,A*31:01:02:29
109F,ABC,A,A*31:01:02:30Q
109F,ABC,A,A*31:01:02:31
109F,ABC,A,A*31:01:02:32
109F,ABC,A,A*31:01:02:33
109F,ABC,A,A*31:01:02:34
109F,ABC,A,A*31:01:02:35
109F,ABC,A,A*31:01:02:36
109F,ABC,A,A*31:01:02:37
109F,ABC,A,A*31:01:02:38
109F,ABC,A,A*31:01:02:39
109F,ABC,A,A*31:01:02:40
109F,ABC,A,A*31:01:02:41
109F,ABC,A,A*31:01:03
109F,ABC,A,A*31:01:04
109F,ABC,A,A*31:01:05
109F,ABC,A,A*31:01:06
109F,ABC,A,A*31:01:07
109F,ABC,A,A*31:01:08
109F,ABC,A,A*31:01:09
109F,ABC,A,A*31:01:10
109F,ABC,A,A*31:01:11
109F,ABC,A,A*31:01:12
109F,ABC,A,A*31:01:13
109F,ABC,A,A*31:01:14
109F,ABC,A,A*31:01:15
109F,ABC,A,A*31:01:16
109F,ABC,A,A*31:01:17
109F,ABC,A,A*31:01:18
109F,ABC,A,A*31:01:19
109F,ABC,A,A*31:01:20
109F,ABC,A,A*31:01:21
109F,ABC,A,A*31:01:22
109F,ABC,A,A*31:01:23
109F,ABC,A,A*31:01:24
109F,ABC,A,A*31:01:25
109F,ABC,A,A*31:01:26
109F,ABC,A,A*31:01:27
109F,ABC,A,A*31:01:28
109F,ABC,A,A*31:01:29
109F,ABC,A,A*31:01:30
109F,ABC,A,A*31:01:31
109F,ABC,A,A*31:01:32
109F,ABC,A,A*31:01:33
109F,ABC,A,A*31:01:34
109F,ABC,A,A*31:01:35
109F,ABC,A,A*31:01:36
109F,ABC,A,A*31:01:37
109F,ABC,A,A*31:01:38
109F,ABC,A,A*31:01:39
109F,ABC,A,A*31:01:40
109F,ABC,A,A*31:01:41
109F,ABC,A,A*31:01:42
109F,ABC,A,A*31:01:43
109F,ABC,A,A*31:01:44
109F,ABC,A,A*31:01:45
109F,ABC,A,A*31:01:46
109F,ABC,A,A*31:01:47
114Q,ABC,A,A*31:01:02:01
114Q,ABC,A,A*31:01:02:02
114Q,ABC,A,A*31:01:02:04
114Q,ABC,A,A*31:01:02:05
114Q,ABC,A,A*31:01:02:06
114Q,ABC,A,A*31:01:02:07
114Q,ABC,A,A*31:01:02:08
114Q,ABC,A,A*31:01:02:09
114Q,ABC,A,A*31:01:02:10
114Q,ABC,A,A*31:01:02:11
114Q,ABC,A,A*31:01:02:12
114Q,ABC,A,A*31:01:02:13
114Q,ABC,A,A*31:01:02:14
114Q,ABC,A,A*31:01:02:15
114Q,ABC,A,A*31:01:02:16
114Q,ABC,A,A*31:01:02:17
114Q,ABC,A,A*31:01:02:18
114Q,ABC,A,A*31:01:02:19
114Q,ABC,A,A*31:01:02:20
114Q,ABC,A,A*31:01:02:21
114Q,ABC,A,A*31:01:02:22
114Q,ABC,A,A*31:01:02:23
114Q,ABC,A,A*31:01:02:24
114Q,ABC,A,A*31:01:02:25
114Q,ABC,A,A*31:01:02:26
114Q,ABC,A,A*31:01:02:27
114Q,ABC,A,A*31:01:02:28
114Q,ABC,A,A*31:01:02:29
114Q,ABC,A,A*31:01:02:30Q
114Q,ABC,A,A*31:01:02:31
114Q,ABC,A,A*31:01:02:32
114Q,ABC,A,A*31:01:02:33
114Q,ABC,A,A*31:01:02:34
114Q,ABC,A,A*31:01:02:35
114Q,ABC,A,A*31:01:02:36
114Q,ABC,A,A*31:01:02:37
114Q,ABC,A,A*31:01:02:38
114Q,ABC,A,A*31:01:02:39
114Q,ABC,A,A*31:01:02:40
114Q,ABC,A,A*31:01:02:41
114Q,ABC,A,A*31:01:03
114Q,ABC,A,A*31:01:04
114Q,ABC,A,A*31:01:05
114Q,ABC,A,A*31:01:06
114Q,ABC,A,A*31:01:07
114Q,ABC,A,A*31:01:08
114Q,ABC,A,A*31:01:09
114Q,ABC,A,A*31:01:10
114Q,ABC,A,A*31:01:11
114Q,ABC,A,A*31:01:12
114Q,ABC,A,A*31:01:13
114Q,ABC,A,A*31:01:14
114Q,ABC,A,A*31:01:15
114Q,ABC,A,A*31:01:16
114Q,ABC,A,A*31:01:17
114Q,ABC,A,A*31:01:18
114Q,ABC,A,A*31:01:19
114Q,ABC,A,A*31:01:20
114Q,ABC,A,A*31:01:21
114Q,ABC,A,A*31:01:22
114Q,ABC,A,A*31:01:23
114Q,ABC,A,A*31:01:24
114Q,ABC,A,A*31:01:25
114Q,ABC,A,A*31:01:26
114Q,ABC,A,A*31:01:27
114Q,ABC,A,A*31:01:28
114Q,ABC,A,A*31:01:29
114Q,ABC,A,A*31:01:30
114Q,ABC,A,A*31:01:31
114Q,ABC,A,A*31:01:32
114Q,ABC,A,A*31:01:33
114Q,ABC,A,A*31:01:34
114Q,ABC,A,A*31:01:35
114Q,ABC,A,A*31:01:36
114Q,ABC,A,A*31:01:37
114Q,ABC,A,A*31:01:38
114Q,ABC,A,A*31:01:39
114Q,ABC,A,A*31:01:40
114Q,ABC,A,A*31:01:41
114Q,ABC,A,A*31:01:42
114Q,ABC,A,A*31:01:43
114Q,ABC,A,A*31:01:44
114Q,ABC,A,A*31:01:45
114Q,ABC,A,A*31:01:46
114Q,ABC,A,A*31:01:47
116D,ABC,A,A*31:01:02:01
116D,ABC,A,A*31:01:02:02
116D,ABC,A,A*31:01:02:04
116D,ABC,A,A*31:01:02:05
116D,ABC,A,A*31:01:02:06
116D,ABC,A,A*31:01:02:07
116D,ABC,A,A*31:01:02:08
116D,ABC,A,A*31:01:02:09
116D,ABC,A,A*31:01:02:10
116D,ABC,A,A*31:01:02:11
116D,ABC,A,A*31:01:02:12
116D,ABC,A,A*31:01:02:13
116D,ABC,A,A*31:01:02:14
116D,ABC,A,A*31:01:02:15
116D,ABC,A,A*31:01:02:16
116D,ABC,A,A*31:01:02:17
116D,ABC,A,A*31:01:02:18
116D,ABC,A,A*31:01:02:19
116D,ABC,A,A*31:01:02:20
116D,ABC,A,A*31:01:02:21
116D,ABC,A,A*31:01:02:22
116D,ABC,A,A*31:01:02:23
116D,ABC,A,A*31:01:02:24
116D,ABC,A,A*31:01:02:25
116D,ABC,A,A*31:01:02:26
116D,ABC,A,A*31:01:02:27
116D,ABC,A,A*31:01:02:28
116D,ABC,A,A*31:01:02:29
116D,ABC,A,A*31:01:02:30Q
116D,ABC,A,A*31:01:02:31
116D,ABC,A,A*31:01:02:32
116D,ABC,A,A*31:01:02:33
116D,ABC,A,A*31:01:02:34
116D,ABC,A,A*31:01:02:35
116D,ABC,A,A*31:01:02:36
116D,ABC,A,A*31:01:02:37
116D,ABC,A,A*31:01:02:38
116D,ABC,A,A*31:01:02:39
116D,ABC,A,A*31:01:02:40
116D,ABC,A,A*31:01:02:41
116D,ABC,A,A*31:01:03
116D,ABC,A,A*31:01:04
116D,ABC,A,A*31:01:05
116D,ABC,A,A*31:01:06
116D,ABC,A,A*31:01:07
116D,ABC,A,A*31:01:08
116D,ABC,A,A*31:01:09
116D,ABC,A,A*31:01:10
116D,ABC,A,A*31:01:11
116D,ABC,A,A*31:01:12
116D,ABC,A,A*31:01:13
116D,ABC,A,A*31:01:14
116D,ABC,A,A*31:01:15
116D,ABC,A,A*31:01:16
116D,ABC,A,A*31:01:17
116D,ABC,A,A*31:01:18
116D,ABC,A,A*31:01:19
116D,ABC,A,A*31:01:20
116D,ABC,A,A*31:01:21
116D,ABC,A,A*31:01:22
116D,ABC,A,A*31:01:23
116D,ABC,A,A*31:01:24
116D,ABC,A,A*31:01:25
116D,ABC,A,A*31:01:26
116D,ABC,A,A*31:01:27
116D,ABC,A,A*31:01:28
116D,ABC,A,A*31:01:29
116D,ABC,A,A*31:01:30
116D,ABC,A,A*31:01:31
116D,ABC,A,A*31:01:32
116D,ABC,A,A*31:01:33
116D,ABC,A,A*31:01:34
116D,ABC,A,A*31:01:35
116D,ABC,A,A*31:01:36
116D,ABC,A,A*31:01:37
116D,ABC,A,A*31:01:38
116D,ABC,A,A*31:01:39
116D,ABC,A,A*31:01:40
116D,ABC,A,A*31:01:41
116D,ABC,A,A*31:01:42
116D,ABC,A,A*31:01:43
116D,ABC,A,A*31:01:44
116D,ABC,A,A*31:01:45
116D,ABC,A,A*31:01:46
116D,ABC,A,A*31:01:47
138MI,ABC,A,A*31:01:02:01
138MI,ABC,A,A*31:01:02:02
138MI,ABC,A,A*31:01:02:04
138MI,ABC,A,A*31:01:02:05
138MI,ABC,A,A*31:01:02:06
138MI,ABC,A,A*31:01:02:07
138MI,ABC,A,A*31:01:02:08
138MI,ABC,A,A*31:01:02:09
138MI,ABC,A,A*31:01:02:10
138MI,ABC,A,A*31:01:02:11
138MI,ABC,A,A*31:01:02:12
138MI,ABC,A,A*31:01:02:13
138MI,ABC,A,A*31:01:02:14
138MI,ABC,A,A*31:01:02:15
138MI,ABC,A,A*31:01:02:16
138MI,ABC,A,A*31:01:02:17
138MI,ABC,A,A*31:01:02:18
138MI,ABC,A,A*31:01:02:19
138MI,ABC,A,A*31:01:02:20
138MI,ABC,A,A*31:01:02:21
138MI,ABC,A,A*31:01:02:22
138MI,ABC,A,A*31:01:02:23
138MI,ABC,A,A*31:01:02:24
138MI,ABC,A,A*31:01:02:25
138MI,ABC,A,A*31:01:02:26
138MI,ABC,A,A*31:01:02:27
138MI,ABC,A,A*31:01:02:28
138MI,ABC,A,A*31:01:02:29
138MI,ABC,A,A*31:01:02:30Q
138MI,ABC,A,A*31:01:02:31
138MI,ABC,A,A*31:01:02:32
138MI,ABC,A,A*31:01:02:33
138MI,ABC,A,A*31:01:02:34
138MI,ABC,A,A*31:01:02:35
138MI,ABC,A,A*31:01:02:36
138MI,ABC,A,A*31:01:02:37
138MI,ABC,A,A*31:01:02:38
138MI,ABC,A,A*31:01:02:39
138MI,ABC,A,A*31:01:02:40
138MI,ABC,A,A*31:01:02:41
138MI,ABC,A,A*31:01:03
138MI,ABC,A,A*31:01:04
138MI,ABC,A,A*31:01:05
138MI,ABC,A,A*31:01:06
138MI,ABC,A,A*31:01:07
138MI,ABC,A,A*31:01:08
138MI,ABC,A,A*31:01:09
138MI,ABC,A,A*31:01:10
138MI,ABC,A,A*31:01:11
138MI,ABC,A,A*31:01:12
138MI,ABC,A,A*31:01:13
138MI,ABC,A,A*31:01:14
138MI,ABC,A,A*31:01:15
138MI,ABC,A,A*31:01:16
138MI,ABC,A,A*31:01:17
138MI,ABC,A,A*31:01:18
138MI,ABC,A,A*31:01:19
138MI,ABC,A,A*31:01:20
138MI,ABC,A,A*31:01:21
138MI,ABC,A,A*31:01:22
138MI,ABC,A,A*31:01:23
138MI,ABC,A,A*31:01:24
138MI,ABC,A,A*31:01:25
138MI,ABC,A,A*31:01:26
138MI,ABC,A,A*31:01:27
138MI,ABC,A,A*31:01:28
138MI,ABC,A,A*31:01:29
138MI,ABC,A,A*31:01:30
138MI,ABC,A,A*31:01:31
138MI,ABC,A,A*31:01:32
138MI,ABC,A,A*31:01:33
138MI,ABC,A,A*31:01:34
138MI,ABC,A,A*31:01:35
138MI,ABC,A,A*31:01:36
138MI,ABC,A,A*31:01:37
138MI,ABC,A,A*31:01:38
138MI,ABC,A,A*31:01:39
138MI,ABC,A,A*31:01:40
138MI,ABC,A,A*31:01:41
138MI,ABC,A,A*31:01:42
138MI,ABC,A,A*31:01:43
138MI,ABC,A,A*31:01:44
138MI,ABC,A,A*31:01:45
138MI,ABC,A,A*31:01:46
138MI,ABC,A,A*31:01:47
