eplet,locus_group,position,residue
1C,ABC,1,C
9D,ABC,9,D
9F,ABC,9,F
9H,ABC,9,H
9S,ABC,9,S
9T,ABC,9,T
9Y,ABC,9,Y
11AV,ABC,11,A
11AV,ABC,12,V
12M,ABC,12,M
14W,ABC,14,W
14W,ABC,49,E
16S,ABC,16,S
17S,ABC,17,S
19K,ABC,19,K
21H,ABC,21,H
24S,ABC,24,S
24T,ABC,24,T
30G,ABC,30,G
32L,ABC,32,L
35Q,ABC,35,Q
41T,ABC,41,T
43R,ABC,43,R
44KM,ABC,44,K
44KM,ABC,45,M
44KM,ABC,149,A
44KM,ABC,150,V
44KM,ABC,151,H
44KM,ABC,152,A
44KM,ABC,158,V
44RM,ABC,44,R
44RM,ABC,45,M
44RMA,ABC,44,R
44RMA,ABC,45,M
44RMA,ABC,46,A
44RME,ABC,44,R
44RME,ABC,45,M
44RME,ABC,46,E
44RME,ABC,67,V
44RT,ABC,44,R
44RT,ABC,45,T
45EE,ABC,45,E
45EE,ABC,46,E
45KE,ABC,45,K
45KE,ABC,46,E
56E,ABC,56,E
56E,ABC,74,N
56E,ABC,76,A
56E,ABC,77,N
56E,ABC,163,E
56E,ABC,166,D
56E,ABC,253,K
56R,ABC,56,R
59H,ABC,59,H
62EE,ABC,62,E
62EE,ABC,63,E
62GE,ABC,62,G
62GE,ABC,63,E
62GK,ABC,62,G
62GK,ABC,66,K
62GK,ABC,74,H
62GK,ABC,77,D
62GRN,ABC,62,G
62GRN,ABC,65,R
62GRN,ABC,66,N
62LQ,ABC,62,L
62LQ,ABC,63,Q
62QE,ABC,62,Q
62QE,ABC,63,E
62RN,ABC,62,R
62RN,ABC,63,N
62RR,ABC,62,R
62RR,ABC,65,R
63NI,ABC,63,N
63NI,ABC,66,I
65GK,ABC,65,G
65GK,ABC,66,K
65QIA,ABC,65,Q
65QIA,ABC,66,I
65QIA,ABC,69,A
65QKR,ABC,65,Q
65QKR,ABC,66,K
65QKR,ABC,69,R
65RA,ABC,65,R
65RA,ABC,69,A
65RK,ABC,65,R
65RK,ABC,66,K
65RNA,ABC,65,R
65RNA,ABC,66,N
65RNA,ABC,69,A
66I,ABC,66,I
66IC,ABC,66,I
66IC,ABC,67,C
66IF,ABC,66,I
66IF,ABC,67,F
66IS,ABC,66,I
66IS,ABC,67,S
66IY,ABC,66,I
66IY,ABC,67,Y
66K,ABC,66,K
66KA,ABC,66,K
66KA,ABC,69,A
66KH,ABC,66,K
66KH,ABC,70,H
66N,ABC,66,N
66NH,ABC,66,N
66NH,ABC,70,H
66NM,ABC,66,N
66NM,ABC,67,M
66NV,ABC,66,N
66NV,ABC,67,V
69AA,ABC,69,A
69AA,ABC,71,A
69RA,ABC,69,R
69RA,ABC,73,A
69RT,ABC,69,R
69RT,ABC,73,T
69TNT,ABC,69,T
69TNT,ABC,70,N
69TNT,ABC,71,T
70IAQ,ABC,66,I
70IAQ,ABC,69,A
70IAQ,ABC,70,Q
71ATD,ABC,71,A
71ATD,ABC,73,T
71ATD,ABC,77,D
71HS,ABC,70,H
71HS,ABC,71,S
71KA,ABC,70,K
71KA,ABC,71,A
71QS,ABC,70,Q
71QS,ABC,71,S
71SA,ABC,70,S
71SA,ABC,71,A
71TD,ABC,71,T
71TD,ABC,77,D
71TN,ABC,71,T
71TN,ABC,77,N
71TTS,ABC,71,T
71TTS,ABC,73,T
71TTS,ABC,77,S
73AN,ABC,73,A
73AN,ABC,77,N
73AS,ABC,73,A
73AS,ABC,77,S
73ID,ABC,73,I
73ID,ABC,77,D
73TVS,ABC,73,T
73TVS,ABC,76,V
73TVS,ABC,77,S
74Y,ABC,74,Y
76ANT,ABC,76,A
76ANT,ABC,77,N
76ANT,ABC,80,T
76ED,ABC,76,E
76ED,ABC,77,D
76EG,ABC,76,E
76EG,ABC,79,G
76EN,ABC,76,E
76EN,ABC,77,N
76ES,ABC,76,E
76ES,ABC,77,S
76ESI,ABC,76,E
76ESI,ABC,77,S
76ESI,ABC,80,I
76ESN,ABC,76,E
76ESN,ABC,77,S
76ESN,ABC,80,N
76ET,ABC,76,E
76ET,ABC,80,T
76VDT,ABC,76,V
76VDT,ABC,77,D
76VDT,ABC,80,T
76VRN,ABC,76,V
76VRN,ABC,79,R
76VRN,ABC,80,N
76VS,ABC,76,V
76VS,ABC,77,S
77D,ABC,77,D
77N,ABC,77,N
77NGT,ABC,77,N
77NGT,ABC,79,G
77NGT,ABC,80,T
77S,ABC,77,S
77SRN,ABC,77,S
77SRN,ABC,79,R
77SRN,ABC,80,N
79GT,ABC,79,G
79GT,ABC,80,T
80I,ABC,80,I
80K,ABC,80,K
80N,ABC,80,N
80T,ABC,80,T
80TA,ABC,80,T
80TA,ABC,81,A
80TL,ABC,80,T
80TL,ABC,81,L
80TLR,ABC,80,T
80TLR,ABC,82,L
80TLR,ABC,83,R
81ALR,ABC,81,A
81ALR,ABC,82,L
81ALR,ABC,83,R
82LR,ABC,82,L
82LR,ABC,83,R
90D,ABC,90,D
91R,ABC,91,R
94I,ABC,94,I
95F,ABC,95,F
95I,ABC,95,I
95L,ABC,95,L
95V,ABC,95,V
95W,ABC,95,W
97I,ABC,97,I
97M,ABC,97,M
97N,ABC,97,N
97R,ABC,97,R
97S,ABC,97,S
97T,ABC,97,T
97V,ABC,97,V
97W,ABC,97,W
99F,ABC,99,F
99S,ABC,99,S
99Y,ABC,99,Y
102H,ABC,102,H
103L,ABC,103,L
103M,ABC,103,M
105S,ABC,105,S
107W,ABC,107,W
109F,ABC,109,F
113H,ABC,113,H
113HD,ABC,113,H
113HD,ABC,114,D
113HN,ABC,113,H
113HN,ABC,114,N
113YD,ABC,113,Y
113YD,ABC,114,D
113YN,ABC,113,Y
113YN,ABC,114,N
114H,ABC,114,H
114Q,ABC,114,Q
114R,ABC,114,R
116D,ABC,116,D
116F,ABC,116,F
116L,ABC,116,L
116S,ABC,116,S
116Y,ABC,116,Y
127K,ABC,127,K
131S,ABC,131,S
138K,ABC,138,K
138MI,ABC,138,M
138MI,ABC,142,I
143S,ABC,143,S
144K,ABC,144,K
144KR,ABC,144,K
144KR,ABC,145,R
144QL,ABC,144,Q
144QL,ABC,145,L
144TKH,ABC,142,T
144TKH,ABC,144,K
144TKH,ABC,145,H
145HT,ABC,144,K
145HT,ABC,145,H
145HT,ABC,149,T
145KHA,ABC,144,K
145KHA,ABC,145,H
145KHA,ABC,149,A
145RT,ABC,145,R
145RT,ABC,149,T
147L,ABC,147,L
149AH,ABC,149,A
149AH,ABC,151,H
149TAH,ABC,149,T
149TAH,ABC,150,A
149TAH,ABC,151,H
