eplet,locus_group,loci,verified,residue_number,allele_number
9T,ABC,A,False,1,85
44RM,ABC,A,False,2,85
44RME,ABC,A,False,4,85
56R,ABC,A,True,1,85
62QE,ABC,A,True,2,85
65RA,ABC,A,False,2,85
65RNA,ABC,A,True,3,85
66N,ABC,A,False,1,85
66NH,ABC,A,False,2,85
66NV,ABC,A,False,2,85
71HS,ABC,A,False,2,85
73ID,ABC,A,False,2,85
76VDT,ABC,A,False,3,85
77D,ABC,A,False,1,85
79GT,ABC,A,True,2,85
80T,ABC,A,False,1,85
80TL,ABC,A,False,2,85
95I,ABC,A,False,1,85
97M,ABC,A,False,1,85
99Y,ABC,A,False,1,85
105S,ABC,A,False,1,85
109F,ABC,A,False,1,85
114Q,ABC,A,False,1,85
116D,ABC,A,False,1,85
138MI,ABC,A,True,2,85
